DisplayID,VanillaCMS
4,1.0
13,1.0
14,1.0
15,1.0
16,1.0
17,1.0
18,1.0
19,1.0
20,1.0
21,1.0
22,1.0
23,1.0
26,1.0
30,0.4
31,1.0
33,1.0
38,1.15
39,1.0
40,1.0
42,1.0
49,1.0
50,1.0
51,1.0
52,1.0
53,1.0
54,1.0
55,1.0
56,1.0
57,1.0
58,1.0
59,1.35
60,1.0
62,1.3
64,1.0
65,1.0
68,1.0
69,1.0
71,1.0
73,1.0
74,1.0
79,1.0
80,1.0
86,1.0
87,1.0
88,1.0
89,1.0
91,1.0
92,1.0
93,1.0
94,1.0
95,1.0
96,1.0
97,1.0
98,1.0
99,1.0
100,1.0
101,1.0
102,1.0
103,1.0
104,1.0
105,1.0
106,1.0
107,1.0
108,1.0
109,1.0
110,1.5
112,1.0
113,1.0
115,1.0
123,1.0
125,1.0
126,1.0
127,1.0
128,1.0
129,1.0
130,1.0
134,1.3
137,1.0
138,1.0
139,1.0
140,1.0
141,1.0
142,1.0
143,1.0
145,1.0
146,1.0
148,1.0
149,1.0
150,1.0
151,1.0
152,1.0
154,1.0
157,1.0
158,1.0
159,1.0
160,1.0
161,1.0
162,1.0
163,1.0
164,1.0
165,1.0
166,1.0
167,1.0
168,1.0
169,1.0
170,2.0
171,1.0
172,1.0
173,1.0
174,1.1
175,1.0
176,1.0
177,1.0
178,1.0
179,1.0
180,0.6
181,1.0
182,1.0
184,1.0
186,1.0
188,1.1
190,1.0
191,1.0
193,1.0
194,1.0
195,1.0
196,1.0
197,1.0
198,1.0
200,0.85
201,1.0
202,1.0
203,1.0
204,1.0
207,1.2
208,1.0
210,1.0
211,1.0
212,1.0
213,1.0
214,1.0
215,1.0
218,1.0
221,1.0
224,1.0
225,1.0
226,1.0
227,1.0
228,1.0
229,1.0
231,1.0
232,1.0
235,1.0
236,1.0
237,1.0
238,1.0
239,1.0
240,1.0
242,1.0
243,1.0
244,1.0
245,1.0
246,1.0
247,1.2
251,1.0
252,1.0
257,1.0
258,1.0
262,1.0
263,1.1
267,1.0
268,1.0
269,0.95
275,1.0
277,1.0
278,1.0
280,1.0
282,1.0
283,1.0
285,1.0
286,1.0
295,1.0
298,1.0
299,1.0
300,1.0
301,1.0
302,1.0
304,1.0
308,1.0
309,1.0
310,1.0
312,1.0
314,1.0
316,1.0
317,1.0
320,1.0
321,1.0
322,1.0
326,1.0
327,1.0
328,1.0
330,1.0
332,1.0
336,1.0
337,1.0
338,1.0
341,1.0
342,1.0
344,1.0
346,1.0
347,1.0
348,1.0
351,1.0
352,1.0
355,1.0
358,1.0
360,1.0
363,1.0
365,0.85
366,0.55
367,0.85
368,0.55
369,0.8
370,1.3
371,1.5
372,0.65
373,1.15
374,1.0
375,1.0
376,1.3
377,0.6
378,1.1
379,1.15
380,0.85
381,0.75
382,0.4
383,1.15
384,1.15
385,0.9
386,1.75
387,0.85
388,1.3
389,0.75
390,0.5
391,2.0
397,1.5
399,2.25
400,1.75
410,0.85
412,1.2
413,1.15
414,1.3
415,1.0
416,1.6
418,0.7
423,1.0
424,1.0
425,0.75
427,0.8
428,1.0
429,1.0
430,1.15
433,0.5
441,1.0
447,0.4
448,1.75
453,0.6
456,1.5
457,2.0
458,1.3
459,1.2
467,1.0
470,1.0
471,1.5
473,1.0
478,1.75
479,1.0
480,2.0
481,1.0
482,1.0
483,1.0
486,1.15
487,1.0
488,1.3
489,1.0
490,0.75
491,1.15
492,1.15
493,1.3
494,1.3
495,1.2
496,1.1
497,1.0
498,0.5
499,1.1
500,1.15
501,1.5
502,1.3
503,0.6
504,0.9
505,1.15
506,1.75
507,2.0
508,1.1
511,1.5
512,0.85
513,0.4
514,0.85
515,0.9
516,1.05
517,1.2
518,1.75
519,1.15
520,0.7
522,1.3
523,1.75
524,1.15
525,0.85
527,0.85
528,1.1
529,1.05
531,0.9
533,1.3
534,1.0
535,1.0
536,1.75
538,0.5
539,0.75
540,1.3
543,1.3
544,1.2
545,0.85
546,1.05
547,1.2
548,1.3
549,0.5
550,0.85
551,1.15
553,1.3
555,1.1
556,1.0
557,1.15
558,1.5
559,1.15
560,0.9
561,0.9
563,1.1
564,1.3
565,1.1
566,0.9
567,1.1
568,1.15
569,1.15
570,1.15
571,1.5
574,1.15
575,1.05
576,1.05
578,1.2
580,1.4
584,0.95
585,1.17
586,0.9
588,1.0
589,10.0
590,1.1
591,1.3
592,1.2
593,1.4
597,1.6
598,0.85
599,1.0
601,0.85
603,1.5
604,0.55
605,0.8
606,0.55
607,0.6
608,0.9
609,1.3
610,1.3
611,0.7
612,1.15
613,1.5
614,1.3
615,1.15
616,1.5
617,0.85
621,1.5
622,1.75
623,1.1
624,1.2
625,1.5
627,1.2
628,0.85
631,1.3
632,1.15
633,1.15
634,1.1
636,0.9
637,1.1
638,0.9
641,0.85
643,0.85
644,0.65
645,0.85
646,0.9
647,0.65
648,0.85
649,0.85
651,0.45
652,1.5
654,0.6
655,1.45
656,1.1
657,0.85
658,0.9
659,0.8
660,1.1
661,0.8
662,1.15
664,1.35
665,1.1
666,0.75
667,0.9
668,1.2
670,0.55
671,0.6
672,0.6
673,0.7
674,0.55
675,0.6
676,0.65
677,0.7
679,0.9
680,0.9
681,1.3
682,1.5
691,1.6
692,1.2
693,1.5
694,1.0
695,0.75
696,0.5
697,1.5
698,1.15
699,1.5
703,1.3
704,1.0
705,1.25
706,1.3
707,1.0
709,0.4
711,0.55
713,1.0
714,1.15
715,1.3
716,1.3
719,0.75
720,1.0
721,1.3
722,1.15
723,0.9
726,0.85
729,0.85
730,0.7
732,1.0
733,1.15
734,1.15
735,1.2
736,1.15
740,1.0
741,1.15
742,1.2
743,0.9
744,1.0
748,0.7
749,1.0
750,1.2
751,1.0
752,1.0
753,1.0
754,1.0
755,1.0
757,1.3
759,0.7
760,0.55
762,1.15
763,0.85
764,0.7
765,1.0
767,1.15
768,0.5
774,1.3
775,1.5
776,1.3
780,1.0
781,0.85
782,1.15
783,0.9
784,0.9
785,0.7
787,0.7
788,1.15
790,1.0
791,1.0
792,4.5
793,1.0
794,1.0
795,1.0
796,1.0
797,1.0
798,1.3
800,2.0
801,0.85
802,1.0
803,1.0
806,1.0
807,1.0
809,1.15
810,1.0
811,1.3
814,0.85
815,1.15
816,1.1
820,1.15
821,0.85
822,1.0
824,1.0
825,1.0
827,0.55
828,1.0
829,0.9
830,1.15
831,0.55
832,1.0
833,0.85
834,0.9
835,0.9
836,1.0
837,1.0
838,1.0
839,1.0
840,1.15
841,0.8
842,0.7
843,0.75
844,1.15
845,0.75
846,1.5
847,0.85
848,1.0
850,0.5
852,0.75
853,0.8
855,0.4
856,1.0
857,1.0
858,1.15
859,1.5
860,0.33
862,0.75
863,1.0
864,1.0
865,1.3
867,1.0
868,1.0
869,1.0
870,1.0
876,1.0
883,0.9
892,0.9
897,1.0
900,0.9
901,1.0
902,0.75
903,0.7
904,1.0
907,1.0
908,1.0
909,0.5
910,0.6
911,1.0
913,1.0
915,1.0
917,1.5
918,0.8
924,1.0
925,0.7
927,0.95
929,0.55
931,0.85
933,0.9
934,1.05
935,1.15
936,1.2
937,1.1
945,0.65
947,0.9
948,0.8
949,0.85
950,0.7
953,1.0
954,0.9
955,0.7
956,1.0
957,0.25
958,0.55
959,0.55
960,0.55
961,1.3
963,1.0
964,1.0
965,1.2
967,0.8
968,0.9
969,1.0
970,1.1
971,1.2
972,1.3
974,1.5
975,0.9
976,1.0
979,1.0
981,1.0
982,1.15
983,1.0
984,1.15
985,0.75
986,0.95
987,1.0
990,0.85
991,0.95
992,1.0
993,1.1
994,1.15
995,1.3
996,0.75
997,0.75
998,0.8
999,0.85
1000,0.85
1001,1.15
1002,0.6
1003,0.7
1004,0.75
1005,0.85
1006,0.75
1007,1.15
1008,0.85
1010,1.0
1011,1.1
1012,1.5
1013,0.7
1014,0.85
1015,1.15
1016,0.75
1017,1.2
1018,1.75
1019,0.85
1021,1.0
1023,1.0
1025,1.0
1027,1.0
1029,1.0
1030,0.85
1031,0.75
1032,0.75
1034,0.4
1035,0.4
1036,0.55
1037,0.6
1038,1.0
1039,0.7
1040,0.7
1041,0.8
1042,0.85
1043,1.0
1045,1.0
1046,1.0
1048,1.0
1049,1.0
1050,1.0
1051,1.6
1052,1.15
1054,1.3
1055,1.3
1056,1.0
1057,1.1
1058,1.15
1059,0.85
1060,1.0
1061,1.0
1062,1.0
1063,1.0
1064,1.0
1065,1.0
1067,1.0
1068,0.85
1070,1.0
1072,1.0
1073,0.2
1074,0.85
1075,0.6
1076,0.85
1077,0.9
1078,1.15
1079,1.5
1080,0.7
1081,0.3
1082,1.5
1083,1.5
1084,1.0
1086,1.3
1087,0.85
1088,1.0
1089,1.15
1090,1.15
1091,1.0
1092,1.0
1094,1.5
1095,2.0
1097,0.6
1098,1.5
1099,3.0
1100,0.7
1101,1.0
1102,1.0
1103,0.85
1104,1.15
1105,1.15
1106,1.5
1107,1.0
1108,0.6
1109,0.75
1110,1.0
1114,0.95
1115,1.0
1119,1.05
1120,1.9
1121,1.15
1122,1.1
1123,1.1
1124,1.15
1125,1.0
1126,0.5
1127,0.4
1128,0.3
1129,0.15
1130,1.0
1131,0.6
1132,0.8
1133,1.5
1134,1.75
1135,1.3
1136,2.0
1137,2.5
1138,1.0
1139,1.0
1140,1.0
1141,1.0
1142,1.05
1143,1.1
1144,1.05
1145,1.15
1146,1.75
1147,0.8
1148,1.3
1149,1.0
1150,0.4
1151,1.15
1152,1.1
1153,1.15
1154,1.1
1155,1.2
1156,1.2
1157,1.0
1159,0.4
1160,5.0
1161,0.85
1162,1.0
1163,1.0
1164,1.3
1165,1.0
1166,1.2
1167,1.5
1170,1.5
1176,0.8
1185,0.85
1192,1.0
1193,1.35
1194,1.5
1196,1.15
1197,1.0
1198,1.0
1200,1.0
1201,1.0
1202,1.0
1204,1.5
1206,1.0
1207,1.15
1208,1.15
1210,2.0
1213,0.5
1214,1.0
1216,0.85
1217,0.85
1218,0.8
1219,0.7
1220,0.85
1221,0.85
1222,0.95
1223,1.1
1225,1.0
1226,0.9
1228,0.75
1229,0.85
1230,1.0
1231,1.2
1232,1.5
1233,1.0
1236,0.8
1237,1.0
1241,1.3
1244,1.0
1245,1.0
1246,0.55
1247,1.5
1248,0.7
1250,0.4
1251,0.5
1252,0.9
1253,1.25
1254,0.9
1255,1.0
1256,1.15
1258,1.0
1259,0.65
1260,1.15
1261,1.0
1262,1.0
1267,1.0
1269,1.0
1274,1.0
1275,1.0
1276,1.0
1277,1.0
1278,1.0
1279,1.0
1280,1.0
1281,1.0
1282,1.0
1283,1.3
1284,1.15
1285,1.0
1286,1.0
1287,1.0
1288,1.0
1289,1.0
1290,1.0
1291,1.0
1292,1.0
1293,1.0
1294,1.0
1295,1.0
1296,1.0
1297,1.0
1298,1.0
1299,1.0
1300,1.0
1302,1.5
1303,0.75
1304,1.8
1305,1.3
1306,1.5
1307,0.7
1308,1.5
1309,1.4
1310,1.0
1311,1.0
1312,1.0
1313,1.0
1314,1.0
1315,1.0
1316,1.0
1317,1.0
1318,1.0
1319,1.0
1320,1.0
1321,1.0
1322,1.2
1323,1.0
1324,1.0
1325,1.0
1326,1.0
1327,1.0
1328,1.0
1329,1.0
1330,1.0
1331,1.0
1332,1.0
1333,1.0
1334,1.0
1335,1.0
1336,1.0
1337,1.0
1338,0.8
1339,1.5
1340,1.15
1341,1.3
1342,1.3
1343,1.2
1344,1.25
1345,1.35
1346,1.1
1348,1.1
1349,1.2
1350,1.15
1351,0.85
1352,1.3
1354,1.0
1355,1.0
1356,1.0
1357,1.0
1358,1.0
1359,1.0
1360,1.0
1361,1.0
1362,1.0
1363,1.0
1364,1.0
1366,1.0
1367,1.0
1368,1.0
1369,1.0
1370,1.0
1371,1.0
1372,1.0
1373,1.0
1374,1.1
1375,1.0
1376,1.0
1377,1.0
1378,1.0
1379,1.0
1380,1.0
1381,1.0
1382,1.0
1383,1.0
1384,1.0
1385,1.0
1386,1.0
1387,1.0
1388,1.0
1389,1.0
1390,1.0
1391,1.0
1392,1.0
1393,1.0
1394,1.0
1395,1.0
1396,1.0
1397,1.0
1398,1.0
1399,1.0
1400,1.0
1401,1.0
1402,1.0
1403,1.0
1404,1.0
1405,0.6
1406,1.0
1407,1.0
1408,1.0
1409,1.0
1410,1.0
1411,1.0
1412,0.75
1413,1.0
1415,4.0
1416,1.0
1417,1.0
1418,1.0
1420,1.4
1421,0.7
1423,1.0
1424,1.0
1425,1.0
1426,1.0
1427,1.0
1428,1.0
1429,1.0
1430,1.0
1431,1.0
1432,1.0
1433,1.0
1434,1.0
1435,1.0
1436,1.0
1437,1.0
1438,1.0
1439,1.0
1440,1.0
1441,1.0
1442,1.0
1443,1.0
1444,1.0
1445,1.0
1446,1.0
1447,1.0
1448,1.0
1449,1.0
1450,1.0
1451,0.85
1452,1.1
1453,1.3
1454,0.85
1455,1.0
1460,3.0
1461,3.0
1466,1.0
1467,0.6
1468,0.8
1469,1.0
1470,1.0
1471,1.0
1472,1.0
1473,1.0
1474,1.0
1477,1.0
1478,1.0
1479,1.0
1480,1.0
1481,1.0
1482,1.0
1483,1.0
1484,1.0
1485,1.0
1486,1.0
1487,1.0
1488,1.0
1489,1.0
1490,1.0
1491,1.0
1492,1.0
1493,1.0
1494,1.0
1495,1.0
1496,1.0
1497,1.0
1498,1.0
1499,1.0
1500,1.0
1501,1.0
1502,1.0
1503,1.0
1504,1.0
1505,1.0
1506,1.0
1507,1.0
1508,1.0
1509,1.0
1510,1.0
1511,1.0
1512,1.0
1513,1.0
1514,1.0
1515,1.0
1516,1.0
1517,1.0
1518,1.0
1519,1.0
1520,1.0
1521,1.0
1522,1.0
1523,1.0
1524,1.0
1525,1.0
1526,1.0
1527,1.0
1528,1.0
1529,0.7
1531,1.0
1532,1.0
1533,0.9
1534,1.0
1535,0.85
1536,1.15
1537,0.85
1538,1.0
1539,1.15
1540,1.1
1541,1.0
1542,1.2
1543,1.0
1544,1.0
1545,1.0
1546,1.0
1547,1.0
1548,1.0
1549,1.3
1550,0.9
1551,1.0
1552,1.0
1555,2.0
1556,1.5
1557,1.0
1558,1.05
1559,1.05
1560,0.75
1561,1.0
1562,1.0
1563,1.15
1564,1.15
1565,1.0
1566,1.0
1567,1.0
1568,1.0
1569,1.0
1570,1.0
1571,1.0
1572,1.0
1573,1.0
1574,1.0
1575,1.0
1576,1.0
1577,1.0
1578,1.0
1579,1.0
1580,1.0
1581,1.0
1582,1.0
1583,1.0
1584,1.0
1585,1.0
1586,1.0
1587,1.0
1588,1.0
1589,1.0
1590,1.0
1591,1.0
1592,1.0
1593,1.0
1594,1.0
1595,1.0
1596,1.0
1597,1.0
1598,1.0
1599,1.0
1600,1.0
1601,1.0
1602,1.0
1603,1.0
1604,1.0
1605,1.0
1606,1.0
1607,1.0
1608,1.0
1609,1.1
1610,0.75
1611,1.0
1612,1.0
1613,1.0
1614,1.0
1615,1.0
1616,1.0
1617,1.0
1618,1.0
1619,1.0
1620,1.0
1621,1.0
1622,1.0
1623,1.0
1624,1.0
1625,1.0
1626,1.0
1627,1.0
1628,1.0
1629,1.0
1630,1.0
1631,1.0
1632,1.0
1633,1.0
1634,1.0
1635,1.0
1636,1.0
1637,1.0
1638,1.0
1639,1.0
1640,1.0
1641,1.0
1643,1.0
1644,1.0
1645,1.0
1646,1.0
1647,1.0
1648,1.0
1649,1.0
1650,1.0
1651,1.0
1652,1.0
1653,1.0
1654,1.0
1655,1.0
1656,1.0
1657,1.0
1658,1.0
1659,1.0
1660,1.0
1661,1.0
1662,1.0
1663,1.0
1664,1.0
1665,1.0
1666,1.0
1667,1.0
1668,1.0
1669,1.0
1670,1.0
1671,1.0
1672,1.0
1673,1.0
1674,1.0
1675,1.0
1676,1.0
1677,1.0
1678,1.0
1679,1.0
1680,1.0
1681,1.0
1682,1.0
1683,1.0
1684,1.0
1685,1.0
1686,1.0
1687,1.0
1688,1.15
1689,1.0
1690,1.0
1691,1.0
1692,1.0
1693,1.45
1694,1.0
1695,1.0
1696,1.0
1697,1.0
1698,0.75
1699,1.0
1700,1.0
1701,1.0
1702,1.0
1703,1.0
1704,1.0
1705,1.0
1706,1.0
1707,1.0
1708,1.0
1709,1.0
1710,1.0
1711,1.0
1712,1.0
1713,1.0
1714,1.0
1715,1.0
1716,1.0
1717,1.0
1718,1.0
1719,1.0
1720,1.0
1721,1.0
1722,1.0
1723,1.0
1724,1.0
1725,1.0
1726,1.0
1727,1.0
1728,1.0
1729,1.0
1730,1.0
1731,1.0
1732,1.0
1733,1.0
1734,1.0
1735,1.0
1736,1.0
1737,1.0
1738,1.0
1739,1.0
1740,1.0
1741,1.0
1742,0.55
1743,1.0
1744,0.7
1745,1.0
1746,0.7
1747,0.85
1748,1.0
1749,0.75
1750,1.0
1751,0.85
1752,0.6
1753,1.0
1754,0.75
1755,0.9
1756,1.0
1757,1.0
1758,1.0
1759,1.0
1760,1.0
1761,1.1
1762,1.0
1763,1.5
1764,1.0
1765,1.0
1766,1.0
1767,1.0
1768,1.0
1769,1.0
1770,1.0
1771,1.0
1772,2.0
1773,2.0
1774,1.0
1775,1.0
1776,1.0
1777,1.0
1778,1.0
1779,1.0
1780,1.0
1781,1.0
1782,1.0
1783,1.0
1784,1.0
1785,1.0
1786,1.0
1787,1.0
1788,1.0
1789,1.0
1790,1.0
1791,1.0
1792,1.0
1793,1.0
1794,1.0
1795,1.0
1796,1.0
1797,1.0
1798,1.0
1799,1.0
1800,1.0
1801,1.0
1802,1.0
1803,1.0
1804,1.0
1805,1.0
1806,1.0
1807,1.0
1808,1.0
1809,1.0
1810,1.0
1811,1.0
1812,1.0
1813,1.0
1814,1.0
1815,1.0
1816,1.3
1817,1.3
1818,0.7
1819,0.55
1820,1.0
1821,1.0
1822,1.0
1823,1.0
1824,1.0
1825,1.0
1826,1.0
1827,1.0
1828,1.0
1829,1.0
1830,1.0
1831,1.0
1832,1.0
1833,1.0
1834,1.0
1835,1.0
1836,1.0
1837,1.0
1838,1.0
1839,1.0
1840,1.0
1841,1.0
1842,1.0
1843,1.0
1844,1.0
1845,1.0
1846,1.0
1847,1.0
1848,1.0
1849,1.0
1850,1.0
1851,1.0
1852,1.0
1853,1.0
1854,1.0
1855,1.0
1856,1.0
1857,1.0
1858,1.0
1859,1.0
1860,1.0
1861,1.0
1862,1.0
1863,1.0
1864,1.0
1865,1.0
1866,1.0
1867,1.0
1868,1.0
1869,1.0
1870,1.0
1871,1.0
1872,1.0
1873,0.7
1874,1.0
1875,1.0
1876,1.0
1877,1.0
1878,1.0
1879,1.0
1880,1.0
1881,1.0
1882,1.0
1883,1.0
1884,1.0
1885,1.0
1886,1.0
1887,1.0
1888,0.9
1889,1.0
1890,1.0
1891,1.0
1892,1.0
1893,1.0
1894,1.0
1895,1.0
1896,1.0
1897,1.0
1898,1.0
1899,1.0
1900,1.0
1901,1.0
1902,1.0
1903,1.0
1904,1.0
1905,1.0
1906,1.0
1907,1.0
1908,1.0
1909,1.0
1910,0.9
1911,1.1
1912,1.2
1913,1.0
1914,1.0
1915,1.0
1916,1.0
1917,1.0
1918,1.3
1921,1.0
1923,1.0
1924,1.0
1925,1.0
1926,1.0
1927,1.0
1928,1.0
1929,1.0
1930,1.0
1931,1.0
1932,1.0
1933,1.2
1934,1.15
1935,1.0
1936,1.0
1937,1.0
1938,0.85
1939,1.0
1940,0.55
1941,1.2
1942,1.2
1943,1.0
1944,1.0
1945,1.0
1947,1.0
1948,1.0
1950,1.1
1951,1.15
1952,1.3
1954,0.6
1955,0.45
1956,1.0
1957,1.0
1958,1.1
1959,0.7
1960,0.55
1961,1.0
1962,1.15
1963,1.0
1964,1.0
1965,1.0
1967,0.8
1968,1.0
1969,1.0
1970,1.0
1971,0.95
1972,0.9
1973,1.0
1974,0.85
1975,0.7
1976,1.0
1977,1.3
1978,1.0
1979,1.2
1980,1.0
1981,0.6
1982,1.0
1983,1.0
1984,1.0
1985,1.0
1986,1.0
1987,1.0
1988,1.75
1989,0.85
1990,1.3
1991,1.0
1992,1.15
1993,1.5
1994,1.15
1995,1.5
1996,1.3
1997,1.5
1998,1.6
1999,1.3
2000,1.4
2001,1.25
2002,1.5
2003,1.4
2004,1.45
2005,1.0
2006,1.0
2007,1.0
2008,0.9
2009,0.7
2010,1.0
2011,1.0
2012,0.85
2013,1.0
2014,1.15
2015,1.15
2016,1.1
2017,1.15
2018,1.3
2019,1.3
2020,1.5
2021,1.3
2022,1.0
2023,1.15
2024,1.3
2025,1.0
2026,1.2
2027,1.0
2028,1.0
2029,1.2
2030,0.7
2031,1.1
2032,1.0
2033,2.0
2034,1.0
2035,1.0
2036,1.0
2037,1.0
2038,1.0
2039,1.0
2040,1.0
2041,1.3
2042,1.2
2043,1.25
2044,1.0
2045,1.0
2046,1.0
2047,1.0
2048,1.0
2049,1.0
2050,1.0
2051,1.0
2052,1.0
2053,1.0
2054,1.0
2055,1.0
2056,1.0
2057,1.0
2058,1.0
2059,1.0
2060,1.0
2061,1.0
2062,1.0
2063,1.0
2064,1.0
2065,1.0
2066,1.0
2067,1.0
2068,1.0
2069,0.3
2070,1.0
2071,1.0
2072,1.0
2073,1.0
2074,1.0
2075,1.0
2076,1.0
2077,1.5
2078,2.0
2079,1.5
2080,1.0
2082,1.0
2083,1.0
2084,1.0
2085,1.0
2086,1.0
2087,1.0
2088,1.0
2089,1.0
2090,1.0
2091,1.0
2092,1.0
2093,1.0
2094,1.0
2095,1.0
2096,1.0
2097,1.0
2098,1.0
2099,1.0
2100,1.0
2101,1.0
2102,1.0
2103,1.0
2104,1.0
2105,1.0
2106,1.0
2107,1.0
2108,1.0
2109,1.0
2110,1.0
2111,1.0
2112,1.0
2113,1.0
2114,1.0
2115,1.0
2116,1.0
2117,1.0
2118,1.0
2119,1.0
2120,1.0
2121,1.0
2122,1.0
2123,1.0
2124,1.0
2125,1.0
2126,1.0
2127,1.0
2128,1.0
2129,1.0
2130,1.0
2131,1.0
2132,1.0
2133,1.0
2134,1.0
2135,1.0
2136,1.0
2137,1.0
2138,1.0
2139,1.0
2140,1.0
2141,1.0
2142,1.0
2143,1.0
2144,1.0
2145,1.0
2146,1.0
2147,1.0
2148,1.0
2149,1.0
2150,1.0
2151,1.0
2152,1.2
2153,1.3
2154,0.7
2155,0.85
2156,0.9
2157,1.1
2158,1.15
2160,1.1
2161,1.3
2162,0.85
2163,1.3
2164,1.4
2165,1.5
2166,1.0
2167,1.2
2168,1.75
2169,0.7
2170,0.85
2172,0.75
2173,0.55
2174,1.15
2175,0.85
2176,1.0
2177,1.0
2178,1.0
2179,0.85
2180,1.0
2181,1.0
2182,1.0
2183,1.0
2184,1.0
2185,1.0
2186,1.0
2187,1.0
2188,1.0
2189,1.0
2190,1.0
2191,1.0
2192,1.0
2193,1.0
2194,0.5
2195,0.65
2196,1.0
2197,1.0
2198,1.0
2199,1.0
2200,1.0
2201,1.0
2202,1.0
2203,1.0
2204,1.0
2205,1.0
2206,1.0
2207,1.0
2208,1.0
2209,1.0
2210,1.0
2211,1.0
2212,1.0
2213,1.0
2214,1.0
2215,1.0
2216,1.0
2217,1.0
2218,1.0
2219,1.0
2220,1.0
2221,1.0
2222,1.0
2223,1.0
2224,1.0
2225,1.0
2226,1.0
2227,1.0
2228,1.0
2229,1.0
2230,1.0
2231,1.0
2232,1.0
2233,1.0
2234,1.0
2236,0.3
2237,0.9
2238,0.5
2239,0.5
2240,1.0
2241,1.0
2242,1.0
2243,1.0
2244,1.0
2245,1.0
2246,1.0
2247,1.0
2248,1.0
2249,1.0
2250,1.0
2251,1.0
2252,1.0
2253,1.0
2254,1.0
2255,1.0
2256,1.0
2257,1.0
2258,1.0
2259,1.0
2260,1.0
2261,1.0
2262,1.0
2263,1.0
2264,1.0
2265,1.0
2266,1.0
2267,1.0
2268,1.0
2269,1.0
2270,1.0
2271,1.0
2272,1.0
2273,1.0
2274,1.0
2275,1.0
2276,1.0
2277,1.0
2278,0.4
2279,1.8
2280,1.0
2281,1.0
2283,1.0
2284,1.0
2285,1.0
2286,1.0
2287,1.0
2288,1.0
2289,1.2
2290,1.2
2292,1.0
2293,1.5
2294,1.15
2295,1.3
2296,1.0
2297,1.15
2298,1.3
2299,1.15
2300,1.3
2301,1.2
2302,1.25
2303,0.9
2305,1.0
2306,1.0
2307,1.15
2308,1.3
2309,0.75
2311,1.0
2312,1.0
2313,1.0
2314,1.0
2315,1.0
2316,1.0
2317,1.0
2318,1.0
2319,1.0
2320,1.2
2321,1.0
2322,1.0
2323,1.0
2324,1.0
2325,1.0
2326,1.2
2327,1.2
2328,1.2
2329,1.0
2330,1.0
2331,1.0
2332,1.0
2333,1.0
2335,1.0
2336,1.0
2337,1.0
2338,1.0
2339,1.0
2340,1.0
2341,1.0
2342,1.0
2343,1.0
2344,1.0
2345,1.0
2346,1.0
2347,1.0
2348,1.0
2349,1.0
2350,1.0
2351,2.0
2352,2.0
2353,1.2
2354,1.0
2355,1.0
2357,1.0
2358,1.0
2359,1.0
2360,1.0
2361,1.0
2362,1.0
2363,1.0
2364,1.0
2365,1.0
2366,1.0
2367,1.0
2368,1.0
2369,1.0
2370,1.0
2371,1.0
2372,1.0
2373,1.0
2374,1.0
2375,1.0
2377,1.0
2378,1.3
2379,1.0
2380,1.0
2381,1.0
2382,1.0
2383,1.0
2384,1.0
2386,1.0
2387,1.0
2388,1.0
2389,1.0
2390,1.0
2391,1.0
2392,1.0
2393,1.0
2394,1.0
2395,1.0
2396,1.0
2397,1.0
2398,1.0
2399,1.0
2400,1.0
2401,1.0
2402,1.0
2403,1.0
2404,1.0
2405,1.0
2407,1.0
2408,1.0
2409,1.0
2410,1.0
2411,1.0
2412,1.0
2413,1.0
2414,1.0
2415,1.0
2416,1.0
2417,1.0
2418,0.7
2419,0.7
2420,0.7
2421,1.0
2422,1.0
2423,1.5
2424,1.0
2425,1.0
2426,1.0
2427,1.0
2428,1.0
2429,2.0
2432,1.0
2433,1.0
2434,1.0
2435,1.0
2436,1.0
2437,0.85
2438,1.05
2439,0.95
2440,1.0
2441,0.95
2442,1.0
2443,1.0
2444,0.95
2445,1.05
2446,1.0
2447,1.0
2448,1.0
2449,1.25
2450,3.0
2451,1.0
2452,1.15
2453,1.5
2454,1.05
2455,0.95
2456,1.05
2457,0.95
2458,1.0
2459,1.0
2460,1.0
2461,1.0
2462,1.0
2463,1.0
2464,1.0
2465,1.0
2466,1.0
2467,1.0
2468,1.0
2469,1.0
2470,1.0
2471,1.0
2472,1.0
2473,1.0
2474,1.0
2475,1.0
2476,1.0
2477,1.0
2478,1.0
2479,1.0
2480,1.0
2481,1.0
2482,1.0
2483,1.0
2484,1.0
2485,0.7
2486,0.85
2487,0.85
2488,1.0
2489,1.2
2490,1.0
2491,1.15
2492,1.0
2493,1.0
2494,1.0
2495,1.0
2496,1.0
2497,1.0
2498,1.0
2499,1.0
2500,1.0
2501,1.0
2502,1.0
2503,1.0
2504,1.0
2505,1.0
2506,1.0
2507,1.0
2508,1.0
2509,1.0
2510,1.0
2511,1.0
2512,1.0
2513,1.0
2514,1.0
2515,1.0
2516,1.0
2517,1.0
2518,1.0
2519,1.0
2520,1.0
2521,1.0
2522,1.0
2523,1.0
2524,1.0
2525,1.0
2526,1.0
2528,0.95
2529,1.0
2530,1.0
2531,1.0
2532,1.0
2533,1.15
2534,1.0
2535,1.0
2536,0.6
2537,1.0
2538,0.7
2539,0.85
2540,0.6
2541,0.7
2542,1.15
2543,0.85
2544,0.7
2545,0.7
2546,1.3
2548,0.85
2549,1.15
2550,1.3
2552,1.2
2554,1.25
2557,1.0
2558,1.0
2561,1.0
2562,1.0
2563,1.0
2564,1.0
2565,1.0
2567,1.15
2568,0.85
2569,1.15
2570,0.9
2571,1.0
2572,1.0
2573,1.75
2574,1.3
2575,1.0
2576,1.0
2577,1.0
2578,1.0
2579,1.0
2581,1.0
2582,1.0
2583,1.0
2584,1.0
2585,1.0
2586,1.0
2587,1.0
2588,1.0
2589,1.0
2590,1.0
2591,1.0
2592,1.15
2593,1.0
2594,1.0
2595,1.0
2596,1.0
2597,1.15
2598,1.0
2599,1.15
2600,1.15
2601,1.3
2602,1.15
2603,1.0
2604,1.0
2605,1.0
2606,1.5
2607,1.0
2608,1.0
2609,1.3
2610,1.0
2611,1.0
2612,1.0
2613,1.0
2614,1.0
2615,1.0
2616,1.0
2617,1.0
2618,1.0
2619,1.0
2620,1.0
2621,1.0
2622,1.0
2623,1.0
2624,1.0
2625,1.0
2626,1.0
2627,1.0
2628,1.0
2629,1.0
2630,1.0
2631,1.0
2632,1.0
2633,1.0
2634,1.0
2635,1.0
2636,1.0
2637,1.0
2638,1.0
2639,1.0
2640,1.0
2641,1.0
2642,1.0
2643,1.0
2644,1.0
2645,1.0
2646,1.0
2647,1.0
2648,1.0
2649,1.0
2650,1.0
2651,1.0
2652,1.0
2653,1.0
2654,1.0
2655,1.0
2656,1.0
2657,1.0
2658,1.0
2659,1.0
2660,1.0
2661,1.0
2662,1.0
2663,1.0
2664,1.0
2665,1.0
2666,1.0
2667,1.0
2668,1.0
2669,1.0
2670,1.0
2671,1.0
2672,1.0
2673,1.0
2674,1.0
2675,1.0
2676,1.0
2677,1.0
2678,1.0
2679,1.0
2680,1.0
2681,1.0
2682,1.0
2683,1.0
2684,1.0
2685,1.0
2686,1.0
2687,1.5
2688,1.0
2689,1.0
2690,1.0
2691,1.0
2692,1.0
2693,1.0
2694,1.0
2695,1.0
2696,1.0
2697,1.0
2698,1.0
2699,1.0
2700,1.0
2702,1.0
2703,1.0
2704,1.0
2705,0.85
2706,0.7
2707,1.15
2708,1.3
2709,0.85
2710,0.85
2711,1.0
2712,1.15
2713,1.0
2714,1.15
2715,1.3
2716,0.85
2717,1.0
2718,1.0
2719,1.0
2720,0.9
2721,1.0
2722,1.0
2723,1.0
2725,1.0
2726,0.85
2727,1.1
2728,1.0
2729,1.0
2730,1.0
2731,0.85
2732,1.0
2733,1.0
2734,1.0
2735,1.0
2736,1.0
2737,1.0
2738,1.0
2739,1.0
2740,1.0
2741,1.15
2742,1.15
2743,1.0
2764,1.3
2765,1.15
2766,1.3
2767,1.75
2768,1.75
2784,1.0
2785,1.0
2786,1.0
2787,1.0
2788,1.0
2789,1.0
2790,1.0
2810,1.0
2811,1.0
2830,0.75
2831,1.0
2832,1.75
2833,1.0
2834,1.0
2835,0.85
2836,1.0
2837,2.0
2838,2.0
2850,1.3
2851,1.0
2852,1.0
2853,1.0
2854,1.0
2855,1.0
2856,1.0
2857,1.0
2858,1.0
2859,1.0
2860,1.0
2861,1.0
2862,1.0
2863,1.0
2864,0.85
2865,1.0
2866,1.0
2867,1.0
2869,1.0
2870,1.0
2871,1.0
2872,1.0
2873,1.0
2874,1.0
2875,1.0
2876,1.0
2877,1.0
2878,1.3
2879,2.0
2880,1.75
2882,1.0
2883,1.0
2884,1.0
2885,1.0
2886,1.0
2887,1.0
2888,1.0
2889,1.0
2890,1.0
2891,1.0
2892,1.0
2893,1.0
2894,1.0
2895,1.0
2896,1.0
2897,1.0
2898,1.0
2899,1.0
2900,1.0
2901,1.0
2902,1.5
2903,1.0
2910,1.0
2930,0.25
2950,1.0
2951,1.0
2952,1.0
2953,1.0
2954,1.0
2955,1.0
2956,1.0
2957,1.0
2958,1.0
2959,1.0
2960,1.0
2961,1.0
2962,1.0
2963,1.0
2964,1.0
2965,1.0
2966,1.0
2967,1.0
2968,1.0
2969,1.0
2970,1.2
2971,1.0
2972,1.0
2973,1.0
2974,1.0
2975,0.4
2976,1.0
2977,1.0
2978,1.0
2979,1.0
2980,1.0
2981,1.0
2982,1.0
2983,1.0
2984,1.0
2985,1.0
2986,1.0
2987,1.0
2988,1.0
2989,1.0
2990,1.0
2991,1.0
2992,1.0
2993,1.0
2994,1.0
2995,3.0
2996,0.55
2997,1.0
2998,1.0
2999,1.0
3000,1.0
3001,1.0
3002,1.0
3003,1.0
3004,1.0
3005,0.4
3006,0.55
3007,1.0
3010,1.0
3011,1.0
3012,0.85
3013,0.9
3014,1.0
3015,1.0
3016,1.0
3017,1.0
3018,1.5
3019,1.0
3020,1.0
3021,1.0
3022,1.15
3023,1.0
3024,1.0
3026,1.5
3027,1.0
3028,1.2
3029,1.3
3030,1.0
3031,1.15
3032,1.3
3033,0.75
3034,1.0
3035,1.15
3036,1.0
3037,1.0
3038,1.0
3039,1.0
3040,1.0
3041,1.0
3042,1.0
3043,1.0
3044,1.0
3045,1.0
3046,1.0
3047,1.0
3048,1.0
3049,1.0
3050,1.0
3051,1.0
3052,1.0
3053,1.0
3054,1.0
3055,1.0
3056,1.0
3057,1.0
3058,1.0
3059,1.0
3060,1.0
3061,1.0
3062,1.0
3063,1.0
3064,1.0
3065,1.0
3066,1.0
3067,1.0
3068,1.0
3069,1.0
3070,1.0
3071,1.0
3072,1.0
3073,1.0
3074,1.0
3075,1.0
3076,1.0
3077,1.0
3078,1.0
3079,1.0
3080,1.0
3081,1.0
3082,1.0
3083,1.0
3084,1.0
3085,1.0
3086,1.0
3087,1.0
3088,1.0
3089,1.0
3090,1.0
3091,1.0
3092,1.0
3093,1.0
3094,1.0
3095,1.0
3096,1.0
3097,1.0
3098,1.0
3099,1.0
3100,1.0
3101,1.0
3102,1.0
3103,1.0
3104,1.0
3105,1.0
3106,1.0
3107,1.0
3108,1.0
3109,1.0
3110,1.0
3111,1.0
3112,1.0
3113,1.0
3114,1.0
3115,1.0
3116,1.0
3117,1.0
3118,1.0
3119,1.0
3120,1.0
3121,1.0
3122,1.0
3123,0.7
3124,1.0
3125,1.0
3126,0.6
3127,1.0
3128,1.0
3129,1.0
3130,1.0
3131,1.0
3132,1.0
3133,1.0
3134,1.0
3135,1.0
3136,1.0
3137,1.0
3138,1.0
3139,1.0
3140,1.0
3141,1.0
3142,1.0
3143,1.0
3144,1.0
3145,1.0
3146,0.5
3166,1.0
3167,1.0
3186,1.0
3187,1.15
3188,1.3
3189,0.9
3190,1.15
3191,1.2
3192,1.5
3193,1.44
3194,1.15
3195,1.15
3196,1.15
3197,1.0
3198,1.15
3199,1.0
3200,1.75
3201,1.3
3202,1.15
3203,1.3
3204,1.15
3205,1.3
3206,1.0
3207,1.15
3208,1.3
3209,1.5
3210,1.0
3211,1.15
3212,1.3
3213,0.9
3214,1.0
3215,1.15
3216,1.15
3217,1.15
3218,1.15
3219,0.9
3220,1.15
3222,1.2
3223,1.0
3224,1.0
3225,1.0
3226,1.0
3227,1.0
3228,1.0
3229,1.0
3230,1.0
3231,1.0
3232,0.5
3233,1.5
3234,1.0
3235,1.5
3236,1.0
3237,1.0
3238,1.0
3246,1.0
3247,1.0
3248,1.0
3249,1.0
3250,1.0
3251,1.0
3252,1.0
3253,1.0
3254,1.0
3255,0.6
3256,1.0
3257,1.0
3258,1.0
3259,1.0
3260,1.0
3261,1.0
3262,1.0
3263,1.0
3264,1.0
3265,1.0
3266,1.0
3267,1.0
3268,1.0
3269,1.0
3270,1.0
3271,1.0
3272,1.0
3273,1.0
3274,1.0
3275,1.0
3276,1.0
3277,1.0
3278,1.0
3279,1.0
3280,1.0
3281,1.0
3282,1.0
3283,1.0
3284,1.0
3285,1.0
3286,1.0
3287,1.0
3288,1.0
3289,1.0
3290,1.0
3291,1.0
3292,1.0
3293,1.0
3295,1.0
3296,1.0
3297,1.0
3298,1.0
3299,1.0
3300,1.0
3301,1.0
3302,1.0
3303,1.0
3304,1.0
3305,1.0
3306,1.0
3307,1.0
3308,1.0
3309,1.0
3310,1.0
3311,1.0
3312,1.0
3313,1.0
3314,1.0
3315,1.0
3316,1.0
3317,1.0
3318,1.0
3319,1.0
3320,1.0
3321,1.0
3322,1.0
3323,1.0
3324,1.0
3325,1.0
3326,1.0
3327,1.0
3328,1.0
3329,1.0
3330,1.0
3331,1.0
3332,1.0
3333,1.0
3334,1.0
3335,1.0
3336,1.0
3337,1.0
3338,1.0
3339,1.0
3340,1.0
3341,1.0
3342,1.0
3343,1.0
3344,1.0
3345,1.0
3346,1.0
3347,1.0
3348,1.0
3349,1.0
3350,1.0
3351,1.0
3352,1.0
3353,1.0
3354,1.0
3355,1.0
3356,1.0
3357,1.0
3358,1.0
3359,1.0
3360,1.0
3361,1.0
3362,1.0
3363,1.0
3364,1.0
3365,1.0
3366,1.0
3367,1.0
3368,1.0
3369,1.0
3370,1.0
3371,1.0
3372,1.0
3373,1.0
3374,1.0
3375,1.0
3376,1.0
3377,1.0
3378,1.0
3379,1.0
3380,1.0
3381,1.0
3382,1.0
3383,1.0
3384,1.0
3386,1.3
3387,1.0
3388,1.0
3389,1.0
3390,1.0
3391,1.0
3392,1.0
3393,1.0
3394,1.0
3395,1.0
3396,1.0
3397,1.0
3398,1.0
3399,1.0
3400,1.0
3401,1.0
3403,1.0
3405,1.0
3406,1.0
3407,1.0
3408,1.0
3409,1.0
3410,1.0
3411,1.0
3412,1.0
3413,1.0
3414,1.0
3415,1.0
3416,1.0
3417,1.0
3418,1.0
3419,1.0
3420,1.0
3421,1.0
3422,1.0
3423,1.0
3424,1.0
3425,1.0
3426,1.0
3427,1.0
3428,1.0
3429,1.0
3430,1.0
3431,1.0
3432,1.0
3433,1.0
3434,1.1
3435,1.0
3436,1.0
3437,1.0
3438,1.0
3439,1.0
3440,1.0
3441,1.0
3442,1.0
3443,1.0
3444,1.0
3445,1.0
3446,1.0
3447,1.0
3448,1.0
3449,1.0
3450,1.0
3451,1.0
3452,1.0
3453,1.0
3454,1.0
3455,1.0
3456,1.0
3457,1.0
3458,1.0
3459,1.0
3460,1.0
3461,1.0
3462,1.0
3463,1.0
3464,1.0
3465,1.0
3466,1.0
3467,1.0
3468,1.0
3469,1.0
3470,1.0
3471,1.0
3472,1.0
3473,1.0
3474,1.0
3475,1.0
3476,1.0
3477,1.0
3478,1.0
3479,1.0
3480,1.0
3481,1.0
3482,1.0
3483,1.0
3484,1.0
3485,1.0
3486,1.0
3487,1.0
3488,1.0
3489,1.0
3490,1.0
3491,1.0
3492,1.0
3493,1.0
3494,1.0
3505,1.0
3506,1.0
3507,1.0
3508,1.0
3509,1.0
3510,1.0
3511,1.0
3512,1.0
3513,1.0
3514,1.0
3515,1.0
3516,1.0
3517,1.0
3518,1.0
3519,1.0
3520,1.0
3521,1.0
3522,1.0
3523,1.0
3524,1.0
3525,1.0
3526,1.0
3527,1.0
3528,1.0
3529,1.0
3530,1.0
3531,1.0
3532,1.0
3533,1.0
3534,1.0
3535,1.0
3536,1.0
3537,1.0
3538,1.0
3539,1.0
3540,1.0
3541,1.0
3542,1.0
3543,1.0
3544,1.0
3545,1.0
3546,1.0
3547,1.0
3548,1.0
3549,1.0
3550,1.0
3551,1.0
3552,1.0
3553,1.0
3554,1.0
3555,1.0
3556,1.0
3557,1.0
3558,1.0
3559,1.0
3560,1.0
3561,1.0
3562,1.0
3563,1.0
3564,1.0
3565,1.0
3566,1.0
3567,1.0
3568,1.0
3569,1.0
3570,1.0
3571,1.0
3572,1.0
3573,1.0
3574,1.0
3575,1.0
3576,1.0
3577,1.0
3578,1.0
3579,1.0
3580,1.0
3581,1.0
3582,1.0
3583,1.0
3584,1.0
3585,1.0
3586,1.0
3587,1.0
3588,1.0
3589,1.0
3590,1.0
3591,1.0
3592,1.0
3593,1.0
3594,1.0
3595,1.0
3596,1.0
3597,1.2
3598,1.0
3599,1.0
3600,1.0
3601,1.0
3602,1.0
3603,1.0
3604,1.0
3605,1.0
3606,1.0
3607,1.0
3608,1.0
3609,1.0
3610,1.0
3611,1.0
3612,1.0
3613,1.0
3614,1.0
3615,1.2
3616,1.0
3617,1.3
3618,1.0
3619,1.0
3620,1.0
3621,1.0
3622,1.0
3623,1.0
3624,1.0
3625,1.0
3626,1.0
3627,1.0
3628,1.0
3629,1.0
3630,1.0
3631,1.0
3632,1.0
3633,1.0
3634,1.0
3635,1.0
3636,1.0
3637,1.0
3638,1.0
3639,0.5
3640,0.8
3641,1.0
3642,1.0
3643,1.0
3644,1.0
3645,1.0
3646,1.0
3647,1.0
3648,1.0
3649,1.0
3650,1.0
3651,1.0
3652,1.0
3653,1.0
3654,1.0
3655,1.0
3656,1.0
3657,1.0
3658,1.0
3659,1.0
3660,1.0
3661,1.0
3662,1.0
3663,1.0
3664,1.0
3665,1.0
3666,1.0
3667,1.0
3668,0.85
3669,0.5
3670,0.5
3671,1.0
3672,1.0
3673,1.0
3674,1.0
3675,1.0
3676,1.0
3677,1.0
3678,1.0
3679,1.0
3680,1.0
3681,1.0
3682,1.0
3683,1.0
3684,1.0
3685,1.0
3686,1.0
3687,1.0
3688,1.0
3689,1.0
3690,1.0
3691,1.0
3692,1.0
3693,1.0
3694,1.0
3695,1.0
3696,1.0
3697,1.0
3698,1.0
3699,1.0
3701,1.0
3702,1.0
3703,1.0
3704,1.0
3705,1.0
3706,1.0
3707,1.0
3708,1.0
3709,1.0
3710,1.0
3711,1.0
3712,1.0
3713,1.0
3714,1.0
3715,1.0
3716,1.0
3717,1.0
3718,1.0
3719,1.0
3720,0.9
3721,1.0
3722,1.0
3723,1.0
3724,1.0
3725,1.0
3726,1.0
3727,1.0
3728,1.0
3729,1.0
3730,1.0
3731,0.5
3732,1.0
3733,1.0
3734,1.0
3735,1.0
3736,1.0
3737,1.0
3738,1.0
3739,1.0
3740,1.0
3741,1.0
3742,1.0
3743,1.0
3744,1.0
3745,1.0
3746,1.0
3747,1.0
3748,1.0
3749,1.0
3750,1.0
3751,1.0
3752,1.0
3753,1.0
3754,1.0
3755,1.0
3756,1.0
3757,1.0
3758,1.0
3759,1.0
3760,1.0
3761,1.0
3762,1.0
3763,1.0
3764,1.0
3765,1.0
3766,1.0
3767,1.0
3768,1.0
3769,1.1
3770,1.0
3771,1.0
3772,1.0
3773,1.0
3774,1.0
3775,1.0
3776,1.0
3777,1.0
3778,1.0
3779,1.0
3780,1.0
3781,1.0
3782,1.0
3783,1.0
3784,1.0
3785,1.0
3786,1.0
3787,1.0
3788,1.0
3789,1.0
3790,1.0
3791,1.0
3792,1.0
3793,1.0
3794,1.0
3795,1.0
3796,1.0
3797,1.0
3798,1.0
3799,1.0
3800,1.0
3801,1.0
3802,1.0
3803,1.0
3804,1.0
3806,1.0
3807,1.0
3808,1.0
3809,1.0
3810,1.0
3811,1.0
3812,1.0
3813,1.0
3814,1.0
3815,1.0
3816,1.0
3817,1.0
3818,1.0
3819,1.0
3820,1.0
3821,1.0
3822,1.0
3823,1.0
3824,1.0
3826,1.0
3827,1.0
3828,1.0
3829,1.0
3830,1.0
3832,1.0
3833,1.0
3834,1.0
3835,1.0
3836,1.0
3837,1.0
3838,1.0
3839,1.0
3840,1.0
3841,1.0
3842,1.0
3843,1.0
3844,1.0
3845,1.0
3846,1.0
3847,1.0
3848,1.0
3849,1.0
3850,1.0
3851,1.0
3852,1.0
3853,1.0
3854,1.0
3855,1.0
3856,1.0
3857,1.0
3858,1.0
3859,1.0
3860,1.0
3861,1.0
3862,1.0
3863,1.0
3864,1.0
3865,1.0
3866,1.0
3867,1.0
3868,1.0
3869,1.0
3870,1.0
3871,1.0
3872,1.0
3873,1.0
3874,1.0
3875,1.0
3876,1.0
3877,1.0
3878,1.0
3879,1.0
3880,1.0
3881,1.0
3882,1.0
3883,1.0
3884,1.0
3885,1.0
3886,1.0
3887,1.0
3888,1.0
3889,1.0
3890,1.0
3892,1.0
3893,1.0
3894,1.0
3895,1.0
3896,1.0
3897,1.0
3898,1.0
3899,1.0
3900,1.0
3901,1.0
3902,1.0
3903,1.0
3904,1.0
3905,1.0
3906,1.0
3907,1.0
3908,1.0
3909,1.0
3910,1.0
3911,1.0
3912,1.0
3913,1.0
3914,1.0
3915,1.0
3916,1.0
3917,1.0
3918,1.0
3919,1.0
3920,1.0
3921,1.0
3922,1.0
3923,1.0
3924,1.0
3925,1.0
3926,1.0
3927,1.0
3928,1.0
3929,1.0
3930,1.0
3931,1.0
3932,1.0
3933,1.0
3934,1.0
3935,1.0
3936,1.0
3937,1.0
3938,1.0
3939,1.0
3940,1.15
3941,1.0
3942,1.0
3943,1.0
3944,1.0
3945,1.0
3946,1.0
3947,1.0
3948,1.0
3949,1.0
3950,1.0
3951,1.0
3952,1.0
3953,1.0
3954,1.0
3956,0.4
3957,1.0
3958,1.0
3959,1.0
3960,1.0
3961,1.0
3962,1.0
3963,1.0
3964,1.0
3965,1.0
3966,1.0
3967,1.0
3968,1.0
3969,1.0
3970,1.0
3971,1.0
3972,1.0
3973,1.0
3974,1.0
3975,1.0
3976,1.0
3977,1.0
3978,1.0
3979,1.0
3980,1.0
3981,1.0
3982,1.0
3983,1.0
3984,1.0
3985,1.0
3986,1.0
3987,1.0
3988,1.0
3989,1.0
3990,1.0
3991,1.0
3992,1.0
3993,1.0
3994,1.0
3995,1.0
3996,1.0
3997,1.0
3998,1.0
3999,1.0
4000,1.0
4001,1.0
4002,1.0
4003,1.0
4004,1.0
4005,1.0
4006,1.0
4007,1.0
4008,1.0
4009,1.0
4010,1.0
4011,1.0
4012,1.0
4013,1.0
4014,1.0
4015,1.0
4016,1.0
4017,1.0
4018,1.0
4019,1.0
4020,1.0
4021,1.0
4022,1.0
4023,1.0
4024,1.0
4025,1.0
4026,1.0
4027,1.0
4028,1.0
4029,1.0
4030,1.0
4031,1.0
4032,1.0
4033,1.0
4034,1.0
4035,1.0
4036,1.0
4037,1.0
4038,1.0
4039,1.0
4040,1.0
4041,1.0
4042,1.0
4043,1.0
4044,1.0
4045,1.0
4046,1.0
4047,1.0
4048,1.0
4049,1.0
4050,1.0
4051,1.0
4052,1.0
4053,1.0
4054,1.0
4055,1.0
4056,1.0
4057,1.0
4058,1.0
4059,1.0
4060,1.0
4061,1.0
4062,1.0
4063,1.0
4064,1.0
4065,1.5
4066,1.0
4067,1.2
4068,1.0
4069,1.0
4070,1.0
4071,1.0
4072,1.0
4073,1.0
4074,1.0
4075,1.0
4076,1.0
4077,1.0
4078,1.0
4079,1.0
4080,1.0
4081,1.0
4082,1.0
4083,1.0
4084,1.0
4085,1.0
4086,1.0
4087,1.0
4088,4.0
4089,1.0
4090,1.0
4091,0.55
4092,1.0
4093,1.0
4094,1.0
4095,1.0
4096,1.0
4097,1.0
4098,1.0
4099,1.0
4100,1.0
4101,1.0
4102,1.0
4103,1.0
4104,1.0
4105,1.0
4106,1.0
4107,1.0
4108,1.0
4109,1.0
4110,1.0
4111,1.0
4112,1.0
4113,1.0
4114,1.0
4115,1.0
4116,1.0
4117,1.0
4118,1.0
4119,1.0
4120,1.0
4121,1.0
4122,1.0
4123,1.0
4124,1.0
4125,1.0
4126,1.0
4127,1.0
4128,1.0
4129,1.0
4130,1.0
4131,1.0
4132,1.0
4133,1.0
4134,1.0
4135,1.0
4136,1.0
4137,1.0
4138,1.0
4139,1.0
4140,1.0
4141,1.0
4143,1.0
4144,1.0
4145,1.0
4146,1.0
4147,1.0
4148,1.0
4149,1.0
4150,1.0
4151,1.0
4152,1.0
4153,1.0
4154,1.0
4155,1.0
4156,1.0
4157,1.0
4158,1.0
4159,1.0
4160,1.0
4161,1.0
4162,1.0
4163,1.0
4164,1.0
4165,1.0
4166,1.0
4167,3.0
4168,0.75
4169,1.0
4170,1.0
4171,1.0
4172,1.0
4173,1.0
4175,1.0
4176,1.0
4177,1.0
4178,1.0
4179,1.0
4180,1.0
4181,1.0
4182,1.0
4183,1.0
4185,0.1
4186,1.0
4187,1.0
4188,1.0
4189,1.0
4190,1.0
4191,1.0
4192,1.0
4193,1.0
4194,1.0
4195,1.0
4196,1.0
4197,1.0
4198,1.0
4199,1.0
4200,1.6
4201,1.0
4202,1.0
4203,1.0
4204,1.0
4205,1.0
4206,1.0
4207,1.0
4208,1.0
4209,1.0
4210,1.0
4211,1.0
4212,1.1
4213,1.2
4214,1.2
4215,1.2
4216,1.0
4217,1.0
4218,1.0
4219,1.0
4220,1.0
4221,1.0
4222,1.0
4223,1.0
4224,1.0
4225,1.0
4226,1.0
4227,1.0
4228,1.0
4229,1.0
4230,1.0
4231,1.0
4232,1.0
4233,1.0
4234,1.0
4235,1.0
4236,1.0
4237,1.0
4238,1.0
4239,1.0
4240,1.0
4241,1.0
4242,1.0
4243,1.0
4244,1.0
4245,1.0
4246,1.0
4247,1.0
4248,1.0
4249,1.0
4250,1.0
4251,1.0
4252,1.0
4253,1.0
4254,1.0
4255,1.0
4256,4.5
4259,1.0
4260,1.0
4261,1.0
4262,1.0
4263,1.0
4264,1.0
4265,1.0
4266,0.7
4267,0.85
4268,0.75
4269,1.6
4270,1.15
4271,1.0
4272,1.0
4273,1.0
4274,1.0
4275,1.0
4276,1.0
4277,1.0
4278,1.0
4279,1.0
4280,1.0
4281,1.0
4282,1.0
4283,1.0
4284,1.0
4285,1.0
4286,1.0
4287,1.0
4288,1.0
4289,1.0
4290,1.0
4291,1.0
4292,1.0
4293,1.0
4294,1.0
4295,1.0
4296,1.0
4297,1.0
4298,1.0
4299,1.0
4300,1.0
4301,1.0
4302,1.0
4303,1.0
4304,1.0
4305,1.0
4306,1.0
4307,1.2
4308,1.0
4309,1.0
4310,1.0
4311,1.0
4312,0.75
4313,1.0
4314,1.0
4315,1.0
4316,1.0
4317,0.5
4318,1.0
4319,1.0
4320,1.0
4321,1.0
4322,1.0
4323,1.0
4324,1.0
4325,1.0
4326,1.0
4327,1.0
4328,1.0
4329,1.0
4330,1.0
4331,1.0
4332,1.0
4333,1.0
4334,1.0
4335,1.0
4336,1.0
4337,1.0
4338,1.0
4339,1.0
4340,1.0
4341,1.0
4342,1.0
4343,0.6
4345,1.0
4346,1.0
4347,1.0
4348,1.0
4349,1.0
4350,1.0
4351,1.0
4352,1.0
4353,1.0
4354,1.0
4355,1.0
4356,1.0
4357,1.0
4358,1.0
4359,1.0
4360,1.0
4361,1.0
4362,1.0
4363,1.0
4364,1.0
4365,1.0
4366,1.0
4367,1.0
4368,1.0
4369,1.0
4370,1.0
4371,1.0
4372,1.0
4373,1.0
4374,1.0
4375,1.0
4376,1.0
4377,1.0
4378,1.0
4379,1.0
4380,1.0
4381,1.0
4382,1.0
4383,1.0
4384,1.0
4385,1.0
4386,1.0
4387,1.0
4388,1.0
4389,1.0
4390,1.0
4391,1.0
4392,1.0
4393,1.0
4394,1.0
4395,1.0
4396,1.0
4397,1.0
4398,1.0
4399,1.0
4400,1.0
4401,1.0
4402,1.0
4403,1.0
4404,1.0
4405,1.0
4406,1.0
4407,1.0
4408,1.0
4409,1.0
4410,1.0
4411,1.0
4412,1.0
4413,1.0
4414,1.0
4415,1.0
4416,1.0
4417,1.0
4418,1.0
4419,1.0
4420,1.0
4421,1.0
4422,1.0
4423,1.0
4424,1.15
4426,1.3
4427,1.3
4428,1.0
4429,1.0
4430,1.0
4431,1.0
4432,1.0
4433,1.0
4434,1.2
4435,1.5
4436,1.0
4437,1.0
4438,1.0
4439,1.0
4440,0.6
4441,1.2
4442,1.0
4443,1.0
4444,1.0
4445,0.75
4446,1.0
4447,0.6
4448,0.8
4449,0.5
4450,1.0
4451,1.0
4452,1.6
4453,1.15
4454,1.0
4455,1.0
4456,0.85
4457,1.0
4458,1.3
4459,1.0
4460,1.0
4461,1.0
4462,1.0
4463,1.0
4464,1.0
4465,1.0
4466,5.0
4467,4.5
4468,4.0
4469,1.0
4470,1.0
4471,1.0
4472,1.0
4473,0.85
4474,1.0
4475,1.0
4476,1.0
4477,1.0
4478,1.0
4479,1.0
4480,0.8
4481,1.0
4482,1.0
4483,1.0
4484,1.0
4485,1.0
4486,0.85
4487,1.0
4488,1.0
4489,1.0
4490,1.0
4491,1.0
4492,1.0
4493,1.0
4494,1.0
4495,1.0
4496,1.0
4497,1.0
4498,1.0
4499,1.0
4500,1.0
4501,1.0
4502,1.0
4503,1.0
4504,1.0
4506,1.0
4508,1.0
4510,1.2
4511,1.0
4512,1.0
4513,1.0
4514,1.0
4515,1.1
4516,1.0
4517,1.0
4518,1.0
4519,1.2
4520,1.0
4521,1.0
4522,1.0
4523,1.0
4524,1.0
4525,1.0
4526,1.0
4527,1.2
4528,1.0
4529,1.0
4530,1.0
4531,1.0
4532,1.0
4533,1.0
4534,1.0
4535,0.85
4536,1.0
4537,1.0
4538,1.0
4539,1.0
4540,1.0
4541,1.0
4542,1.0
4543,1.0
4544,1.0
4545,1.0
4546,1.0
4547,1.0
4548,1.0
4549,1.0
4550,1.0
4551,1.0
4552,1.0
4553,1.0
4554,1.0
4555,1.0
4556,1.0
4557,1.0
4558,1.0
4559,1.0
4560,1.0
4561,1.0
4562,1.0
4563,1.0
4564,1.0
4565,1.0
4566,0.6
4567,1.0
4568,1.0
4569,1.0
4570,1.0
4571,1.0
4572,1.0
4573,1.0
4574,1.0
4575,1.0
4576,1.0
4577,1.0
4578,1.3
4579,1.0
4580,1.2
4581,1.1
4582,1.5
4583,1.3
4584,1.1
4585,1.5
4587,1.0
4588,1.0
4589,1.0
4590,1.0
4591,1.0
4592,1.0
4593,1.0
4594,1.0
4595,1.0
4596,1.0
4597,1.0
4598,1.0
4599,1.0
4600,1.0
4601,1.0
4602,1.0
4603,1.2
4604,1.0
4605,1.0
4606,0.7
4607,0.5
4608,1.0
4609,1.0
4610,1.0
4611,1.0
4612,1.1
4613,1.0
4614,1.0
4615,0.25
4616,1.0
4617,1.0
4618,1.0
4619,1.0
4620,1.0
4621,1.1
4622,1.0
4623,1.1
4624,1.0
4625,1.0
4626,1.0
4627,1.0
4628,1.0
4629,1.0
4631,1.15
4632,1.0
4633,1.4
4634,1.6
4635,1.1
4636,0.9
4637,1.0
4638,1.0
4639,1.0
4640,1.0
4641,1.0
4642,1.4
4643,1.25
4644,1.5
4645,1.2
4646,1.4
4647,1.0
4648,1.0
4649,1.0
4652,1.6
4653,1.1
4656,1.0
4657,1.0
4658,1.0
4660,1.0
4661,1.6
4663,1.0
4664,1.0
4665,1.0
4666,1.0
4667,1.0
4668,1.0
4669,1.0
4670,1.0
4671,1.0
4672,1.0
4673,1.0
4674,1.0
4675,1.0
4676,1.0
4677,1.0
4678,1.0
4679,1.0
4680,1.0
4681,1.0
4682,1.0
4683,1.0
4684,1.0
4685,1.0
4686,1.0
4687,1.1
4688,1.15
4689,1.0
4690,1.0
4691,1.0
4692,1.0
4693,1.0
4694,1.0
4695,1.0
4696,1.0
4697,1.0
4698,1.0
4699,1.0
4700,1.0
4701,1.0
4702,1.0
4703,1.0
4704,1.0
4705,1.0
4706,1.0
4707,1.0
4708,1.0
4709,1.0
4710,1.0
4711,1.0
4712,1.0
4713,1.3
4714,1.5
4715,1.0
4716,1.0
4717,1.0
4718,1.0
4720,1.0
4721,1.0
4725,1.0
4726,1.0
4727,1.0
4728,1.0
4729,1.0
4730,1.0
4731,1.0
4732,0.1
4733,0.15
4734,0.15
4735,0.45
4745,1.15
4746,1.3
4747,1.4
4748,1.3
4749,1.3
4750,1.4
4751,1.4
4752,1.2
4753,1.3
4754,1.5
4755,1.0
4756,1.4
4757,1.4
4758,1.25
4759,0.6
4761,1.1
4762,1.0
4763,1.0
4764,1.0
4765,1.0
4766,0.85
4767,0.8
4768,0.8
4769,1.0
4770,1.0
4771,1.0
4772,1.0
4773,1.0
4774,1.0
4775,1.0
4776,1.0
4777,1.0
4778,1.0
4779,1.0
4780,1.0
4781,1.0
4782,1.0
4785,1.0
4805,1.5
4806,1.0
4807,1.3
4825,1.0
4826,1.0
4827,1.0
4828,1.0
4829,1.0
4830,1.0
4831,1.0
4832,1.0
4833,1.0
4834,1.0
4835,1.0
4836,1.0
4837,1.0
4838,1.0
4839,1.0
4840,1.0
4841,1.0
4842,1.0
4843,1.0
4844,1.0
4845,1.0
4846,1.0
4847,1.0
4848,1.0
4849,1.0
4850,1.0
4851,1.0
4852,1.0
4853,1.0
4854,1.0
4855,1.0
4856,1.0
4857,1.0
4858,1.0
4859,1.0
4860,1.5
4861,1.0
4862,1.0
4864,1.0
4865,1.0
4866,1.0
4867,1.0
4868,0.5
4869,0.7
4870,0.8
4871,1.0
4872,2.0
4873,1.0
4874,1.15
4875,1.15
4877,1.0
4878,1.0
4885,1.0
4886,1.0
4887,1.0
4888,1.0
4889,1.0
4890,1.0
4891,1.0
4892,1.0
4893,1.0
4894,1.0
4895,1.0
4896,1.0
4897,1.0
4898,1.0
4899,1.0
4900,1.0
4901,1.0
4902,1.0
4903,1.0
4905,1.0
4906,0.55
4907,1.0
4908,1.0
4909,1.0
4910,1.5
4911,1.0
4912,1.1
4913,1.1
4914,1.1
4915,1.1
4916,1.0
4917,1.0
4918,1.0
4919,1.0
4920,1.5
4921,0.9
4922,1.3
4923,1.3
4924,1.0
4925,1.0
4926,1.0
4927,1.0
4928,1.0
4929,1.0
4930,1.0
4931,1.0
4932,1.0
4933,1.0
4934,1.0
4935,1.0
4936,1.0
4937,1.0
4938,1.0
4939,1.2
4940,1.0
4941,1.0
4942,1.0
4943,1.0
4944,1.0
4945,1.75
4946,1.0
4947,1.0
4948,1.0
4949,1.0
4950,1.0
4951,1.0
4952,1.0
4953,1.0
4954,1.0
4955,1.0
4956,1.0
4957,1.0
4958,1.0
4959,0.8
4960,0.8
4961,1.25
4962,1.0
4963,1.0
4964,1.0
4965,1.0
4966,1.0
4967,1.0
4968,1.0
4969,1.0
4970,1.0
4971,1.0
4972,1.0
4973,1.0
4974,1.0
4975,1.0
4976,1.0
4977,0.9
4978,1.15
4979,1.3
4980,0.85
4981,1.15
4982,1.15
4983,0.85
4985,1.0
4986,1.0
4987,1.0
4988,1.0
4989,1.0
4990,1.0
4991,1.0
4992,1.0
4993,1.0
4994,1.0
4995,1.0
4996,1.0
4997,1.0
4998,1.0
4999,1.0
5000,1.0
5001,1.0
5003,0.95
5004,1.0
5005,1.0
5006,1.0
5007,1.0
5008,0.9
5009,1.0
5010,1.0
5012,1.0
5013,1.0
5014,1.0
5015,1.0
5016,1.0
5017,1.0
5018,1.0
5019,1.0
5020,1.0
5021,1.0
5022,1.0
5023,1.0
5025,1.75
5026,1.0
5027,1.5
5028,1.2
5029,1.3
5030,0.6
5032,1.0
5033,1.0
5034,1.0
5035,1.0
5036,1.0
5037,1.0
5038,1.0
5039,1.0
5040,1.0
5041,1.0
5042,1.0
5043,1.0
5044,1.0
5047,1.0
5048,1.0
5049,1.0
5050,1.0
5051,1.0
5052,1.0
5065,1.0
5066,0.1
5067,0.1
5068,0.2
5069,0.1
5070,1.0
5071,1.0
5072,1.2
5073,1.0
5074,1.0
5075,1.0
5076,1.0
5077,1.0
5078,1.0
5079,1.0
5080,1.0
5081,1.0
5082,1.0
5083,1.0
5084,1.0
5085,1.0
5086,1.0
5087,1.0
5088,1.0
5089,1.0
5090,1.0
5091,1.0
5092,1.0
5093,1.0
5105,1.0
5106,1.0
5107,2.0
5108,1.0
5125,0.1
5126,1.0
5127,1.75
5128,1.0
5129,1.0
5130,1.0
5131,1.0
5145,0.85
5146,1.0
5165,1.0
5166,1.0
5167,1.0
5186,1.0
5187,1.0
5190,1.0
5205,1.0
5206,1.0
5207,0.25
5225,1.0
5226,1.0
5227,1.0
5228,1.0
5229,1.0
5230,1.0
5231,1.15
5232,1.0
5233,1.0
5234,1.0
5235,1.0
5236,1.0
5237,1.0
5238,2.5
5239,2.5
5240,2.5
5241,2.0
5242,2.0
5243,2.0
5244,1.5
5245,1.5
5246,0.5
5265,1.5
5266,1.25
5285,1.5
5286,2.0
5287,2.0
5288,2.25
5289,2.25
5290,1.75
5291,2.0
5292,2.25
5293,2.0
5294,1.3
5295,1.75
5296,2.5
5297,1.15
5299,1.0
5305,3.0
5306,2.5
5307,1.0
5325,1.75
5326,1.5
5327,0.75
5345,1.0
5346,1.0
5365,1.0
5366,1.0
5367,1.0
5368,1.0
5369,1.0
5370,1.0
5371,1.0
5372,1.0
5373,1.0
5374,1.0
5375,1.0
5376,1.0
5377,1.0
5378,1.0
5379,1.5
5385,1.0
5386,1.5
5405,1.0
5406,1.0
5407,1.0
5408,1.0
5409,1.0
5410,1.0
5425,1.0
5426,1.0
5427,1.0
5428,1.0
5429,0.9
5430,0.75
5431,1.5
5432,1.5
5433,1.0
5434,1.0
5435,1.0
5436,1.05
5437,0.95
5438,1.05
5439,1.0
5440,1.0
5441,1.0
5442,1.0
5443,1.05
5444,1.0
5445,1.0
5446,1.0
5447,1.2
5448,0.5
5449,1.0
5450,1.3
5451,1.0
5465,1.0
5485,1.0
5486,1.0
5487,1.0
5488,1.25
5489,1.75
5490,1.25
5491,0.3
5492,0.7
5493,0.85
5494,0.75
5497,1.3
5498,2.0
5499,1.0
5505,1.0
5506,1.0
5507,1.0
5508,1.0
5509,1.0
5510,0.6
5525,1.0
5526,1.0
5527,1.0
5528,1.2
5529,1.0
5530,1.0
5531,1.0
5532,1.0
5533,1.0
5534,1.2
5535,1.0
5545,1.0
5546,1.0
5547,1.0
5548,1.0
5549,1.0
5550,1.0
5551,1.0
5552,1.0
5553,1.0
5554,0.5
5555,0.5
5556,0.5
5557,0.1
5558,0.1
5559,0.1
5560,0.1
5561,1.0
5562,1.15
5563,1.5
5564,2.0
5565,1.0
5566,1.0
5567,1.0
5568,1.0
5569,1.0
5570,1.0
5571,1.0
5572,1.0
5573,1.0
5574,1.0
5575,1.0
5576,1.0
5577,1.0
5585,0.5
5586,0.5
5605,0.75
5606,0.75
5607,0.8
5608,0.8
5609,0.9
5610,0.8
5611,1.2
5612,0.9
5613,0.9
5625,1.2
5626,0.8
5645,1.5
5646,1.0
5647,0.95
5648,1.0
5665,0.4
5685,1.0
5705,1.0
5706,1.0
5707,1.0
5708,1.0
5709,1.2
5710,1.0
5711,1.0
5712,0.6
5725,1.0
5726,1.0
5727,1.0
5728,1.0
5729,0.8
5730,1.0
5745,1.0
5746,1.1
5747,1.3
5748,1.0
5749,1.0
5751,1.0
5752,1.0
5753,1.0
5754,1.25
5765,1.3
5766,0.75
5767,1.0
5768,1.0
5769,1.0
5770,1.0
5771,1.2
5772,1.0
5773,1.2
5774,1.0
5775,0.95
5776,1.0
5777,1.0
5778,1.0
5779,1.0
5780,1.75
5781,1.15
5782,1.3
5783,1.0
5784,1.0
5785,1.0
5786,1.0
5805,1.0
5806,1.0
5807,1.0
5808,1.0
5809,1.0
5810,1.0
5811,1.0
5812,1.0
5813,1.2
5814,1.0
5815,1.0
5816,1.0
5817,1.0
5818,1.0
5819,1.0
5820,1.0
5821,1.0
5822,1.0
5823,1.0
5824,1.0
5825,1.0
5826,1.0
5827,1.0
5828,1.0
5829,1.0
5830,1.0
5831,1.2
5832,1.0
5845,1.0
5846,1.0
5847,1.0
5848,2.0
5849,1.75
5850,2.0
5851,1.5
5865,1.2
5866,0.2
5885,1.0
5905,0.25
5906,2.0
5907,1.0
5908,1.0
5909,1.0
5910,1.0
5925,1.5
5926,1.0
5927,1.0
5945,1.5
5965,1.5
5966,0.25
5985,0.5
5986,1.0
5987,1.0
5988,1.5
5989,1.5
5990,2.0
5991,1.0
6005,1.0
6006,1.0
6007,1.0
6009,1.2
6010,1.2
6025,1.5
6026,1.5
6028,0.75
6029,1.1
6030,1.0
6031,1.1
6032,0.9
6033,1.0
6034,1.05
6035,1.1
6036,1.5
6037,1.1
6038,1.05
6039,1.0
6040,1.1
6041,1.3
6042,1.2
6043,1.2
6044,1.2
6045,1.0
6046,1.0
6047,1.0
6048,1.0
6049,1.0
6050,1.5
6051,1.0
6052,1.0
6053,1.0
6054,1.0
6055,1.0
6056,1.0
6057,1.0
6058,1.0
6059,1.0
6060,1.0
6061,1.0
6062,1.0
6063,1.0
6064,1.0
6065,1.0
6066,1.0
6067,1.0
6068,1.5
6069,1.3
6070,1.75
6071,1.0
6072,1.0
6073,1.25
6074,1.0
6075,1.0
6076,1.3
6077,1.0
6078,1.2
6079,1.5
6080,1.5
6081,1.7
6082,1.5
6083,1.5
6084,1.2
6085,1.3
6086,1.15
6087,0.85
6088,0.9
6089,1.2
6090,0.9
6091,1.15
6092,1.3
6093,1.15
6094,1.15
6095,1.4
6096,1.0
6097,1.5
6098,1.3
6099,1.2
6100,1.5
6101,0.8
6102,1.6
6103,1.4
6104,1.4
6105,1.3
6106,1.0
6108,1.25
6109,1.25
6110,1.2
6111,1.3
6112,1.4
6113,1.1
6114,1.4
6115,1.4
6116,1.2
6117,1.5
6118,1.0
6119,1.0
6120,1.0
6121,1.0
6122,1.5
6123,1.7
6124,1.5
6126,1.2
6127,1.0
6128,1.0
6148,2.0
6168,1.6
6169,1.35
6170,1.3
6171,1.5
6172,1.15
6173,1.3
6189,0.25
6190,0.25
6191,0.25
6192,0.25
6193,1.0
6194,1.0
6195,1.15
6196,1.3
6197,0.5
6198,1.0
6208,1.2
6209,1.6
6210,1.0
6211,1.3
6212,1.3
6213,1.25
6214,1.25
6228,1.0
6229,1.0
6230,1.0
6231,1.0
6232,1.0
6233,1.0
6234,1.0
6248,0.5
6268,1.0
6269,1.25
6270,1.25
6271,1.0
6288,0.5
6290,0.5
6291,0.5
6292,0.5
6293,0.5
6294,0.3
6295,1.0
6296,1.0
6297,1.0
6298,0.25
6299,0.25
6300,0.25
6301,1.0
6302,1.0
6303,1.0
6308,1.0
6328,1.0
6348,1.0
6349,1.0
6350,2.5
6351,1.75
6352,3.0
6353,1.0
6368,0.5
6369,1.5
6370,1.3
6371,1.0
6372,1.5
6373,1.3
6374,1.0
6375,1.15
6376,0.85
6377,1.3
6378,1.75
6379,2.0
6380,1.0
6388,1.0
6389,1.0
6390,1.0
6391,1.0
6392,1.0
6393,1.0
6394,1.0
6395,1.0
6396,1.0
6397,1.0
6398,1.0
6399,1.0
6400,1.0
6401,1.0
6402,1.0
6403,1.0
6404,1.0
6405,1.0
6406,1.0
6407,1.0
6408,1.0
6409,1.0
6410,1.0
6411,1.0
6412,1.0
6413,1.0
6414,1.0
6415,1.0
6416,1.0
6417,1.0
6418,1.0
6419,1.0
6420,1.0
6421,1.0
6422,1.0
6423,1.0
6424,1.0
6425,1.0
6426,1.0
6427,1.0
6428,1.0
6429,1.0
6430,1.0
6431,1.5
6432,1.0
6433,1.0
6434,1.0
6435,1.0
6436,1.2
6437,1.2
6438,1.0
6439,1.2
6440,1.2
6441,1.0
6442,1.5
6443,1.5
6444,1.5
6446,1.0
6447,1.5
6448,1.5
6449,1.0
6468,1.0
6469,1.0
6470,1.0
6471,1.0
6472,1.0
6473,1.0
6474,1.3
6475,1.3
6476,1.3
6477,1.3
6478,1.3
6479,0.95
6480,1.0
6481,0.95
6482,1.0
6483,1.0
6484,1.0
6485,1.05
6486,1.05
6487,1.1
6488,1.1
6489,1.05
6490,1.05
6491,1.0
6492,1.0
6493,1.1
6494,1.1
6495,1.15
6496,1.15
6497,1.05
6498,1.05
6508,1.0
6509,1.0
6510,1.15
6511,1.15
6512,1.05
6513,1.05
6514,1.05
6515,1.05
6528,1.3
6529,1.15
6530,1.1
6531,3.0
6532,2.5
6533,1.5
6534,1.2
6535,1.0
6536,1.0
6537,0.4
6538,1.05
6539,1.05
6540,1.2
6541,1.2
6542,1.0
6543,1.05
6544,1.0
6545,1.0
6546,1.0
6547,1.0
6548,1.0
6549,1.0
6550,1.0
6551,1.0
6552,3.0
6553,1.0
6554,1.0
6568,1.0
6569,1.0
6570,1.0
6571,1.0
6572,1.0
6573,1.0
6574,1.0
6575,1.0
6588,1.0
6589,0.75
6590,1.0
6608,1.0
6609,1.0
6610,1.0
6611,1.0
6628,1.0
6629,1.0
6630,1.0
6631,1.0
6632,1.0
6633,0.4
6649,1.0
6668,1.0
6669,1.0
6670,1.0
6671,1.0
6672,1.0
6673,1.0
6674,2.0
6675,1.0
6676,1.0
6677,1.0
6678,0.8
6679,0.8
6680,0.9
6681,0.9
6682,1.1
6684,1.0
6685,1.0
6686,3.0
6687,1.2
6688,2.5
6689,1.2
6690,1.1
6691,1.0
6692,0.85
6693,1.0
6694,1.0
6695,1.0
6696,1.0
6697,1.2
6698,1.0
6699,1.0
6700,1.0
6701,1.0
6702,1.0
6703,1.0
6704,1.3
6705,1.15
6706,1.4
6707,1.0
6708,1.0
6709,1.0
6710,1.0
6711,1.0
6712,1.0
6713,1.0
6714,1.0
6715,1.0
6716,1.0
6717,1.0
6718,1.0
6719,1.0
6720,1.0
6721,1.0
6722,1.0
6723,1.0
6724,1.0
6725,1.0
6726,1.0
6727,1.0
6728,1.0
6729,1.0
6730,1.0
6731,1.0
6732,1.0
6733,1.0
6734,1.0
6735,1.15
6736,1.15
6737,1.5
6738,1.0
6739,1.0
6740,1.0
6741,1.15
6742,1.0
6743,1.5
6744,1.0
6745,0.8
6746,1.4
6747,1.3
6748,1.5
6749,1.3
6750,1.5
6751,0.75
6752,1.0
6753,1.0
6754,1.0
6755,1.0
6756,1.15
6757,1.15
6758,0.9
6759,1.2
6760,1.5
6761,1.0
6762,1.25
6763,1.5
6764,0.9
6765,1.1
6766,1.2
6767,1.15
6768,1.0
6769,1.0
6770,1.0
6771,1.0
6772,1.0
6773,1.0
6774,1.1
6775,1.1
6776,1.0
6777,1.0
6778,1.0
6779,1.0
6780,1.0
6781,1.0
6782,1.0
6783,1.0
6784,1.0
6785,1.0
6786,1.0
6787,1.0
6788,1.0
6789,1.0
6790,1.0
6791,1.0
6792,1.0
6793,1.0
6794,1.0
6795,1.0
6796,1.0
6797,1.0
6798,0.9
6799,0.9
6800,1.0
6801,1.1
6802,1.2
6803,1.3
6804,0.8
6805,0.85
6806,0.85
6807,0.75
6808,1.15
6809,1.0
6810,1.15
6811,1.15
6812,0.85
6813,1.3
6814,0.85
6815,1.0
6817,0.9
6818,1.3
6819,1.2
6820,1.0
6821,1.1
6822,1.2
6823,1.1
6824,1.0
6825,1.3
6826,1.5
6827,1.2
6828,1.4
6829,1.5
6830,1.4
6831,1.0
6832,1.0
6833,1.0
6834,1.0
6835,1.0
6836,1.0
6837,1.0
6838,0.25
6839,1.0
6840,1.0
6841,1.0
6842,0.5
6843,1.0
6844,1.05
6845,1.0
6846,1.0
6847,1.0
6848,1.0
6849,1.0
6850,1.0
6851,1.0
6852,1.0
6853,1.0
6854,1.0
6855,1.0
6856,1.0
6857,1.0
6858,1.0
6868,1.0
6869,1.0
6870,1.0
6871,1.0
6872,1.0
6873,1.0
6874,1.0
6875,1.0
6876,1.0
6877,1.0
6878,1.0
6879,1.0
6880,1.0
6881,1.0
6882,1.0
6883,1.0
6884,1.15
6888,0.4
6889,0.75
6890,1.1
6891,1.1
6892,1.0
6893,1.0
6894,1.0
6895,1.0
6908,1.0
6909,3.0
6910,1.45
6912,0.75
6913,1.0
6914,1.75
6915,1.2
6916,1.0
6917,1.0
6918,1.0
6919,1.0
6920,1.0
6921,1.0
6922,1.0
6923,1.0
6924,1.0
6925,1.0
6926,1.0
6927,1.0
6928,1.0
6929,1.0
6930,1.0
6931,1.0
6932,1.0
6933,1.0
6934,1.0
6935,1.0
6936,1.0
6937,1.0
6938,1.0
6939,1.0
6940,1.0
6941,1.0
6942,0.5
6943,0.5
6944,1.0
6945,1.0
6946,1.0
6947,1.0
6948,1.0
6949,1.0
6950,1.0
6951,1.0
6952,1.0
6953,1.0
6954,1.0
6955,1.0
6956,1.0
6957,1.0
6958,1.0
6959,1.0
6960,1.0
6961,1.0
6962,1.0
6963,1.0
6964,1.0
6965,1.0
6966,1.0
6967,1.0
6968,1.0
6973,1.0
6974,1.0
6975,1.0
6976,1.0
6977,0.5
6978,1.0
6979,1.2
6980,1.0
6981,1.1
6982,1.1
6983,1.0
6984,1.0
6985,0.9
6986,1.0
6987,1.0
6988,1.0
6989,1.0
6990,1.0
6991,1.0
6992,1.0
6993,1.0
6994,1.0
6995,1.0
6996,1.0
6997,1.2
6998,1.2
6999,1.0
7000,1.0
7001,1.0
7002,1.0
7003,1.0
7004,1.0
7005,1.0
7006,1.2
7007,1.0
7008,0.9
7009,1.0
7010,1.0
7011,1.0
7012,1.0
7013,1.0
7014,1.0
7015,1.0
7016,1.0
7017,1.0
7018,1.0
7019,1.0
7020,1.0
7021,1.0
7022,1.0
7023,1.0
7024,1.0
7025,1.0
7026,1.0
7027,1.0
7028,1.0
7029,2.0
7030,1.0
7031,1.0
7032,1.0
7033,1.0
7034,1.0
7035,1.0
7036,0.75
7037,1.0
7038,1.0
7039,1.0
7040,1.0
7041,1.0
7042,1.0
7043,1.0
7044,1.0
7045,1.0
7046,1.8
7047,1.0
7048,1.0
7049,1.0
7050,1.0
7051,1.0
7052,1.2
7053,1.0
7054,1.0
7055,1.5
7056,0.75
7057,1.0
7058,1.0
7059,1.0
7060,1.0
7061,1.0
7073,1.0
7074,1.0
7093,1.0
7094,1.0
7095,1.0
7096,1.0
7097,1.0
7098,1.0
7099,1.0
7100,1.0
7101,1.0
7102,1.05
7103,1.05
7104,1.05
7105,1.0
7106,1.0
7107,1.0
7108,1.0
7109,1.0
7110,1.0
7111,1.0
7112,1.0
7113,1.5
7114,1.3
7115,1.0
7116,1.0
7117,1.0
7118,1.0
7119,1.0
7120,1.0
7121,1.0
7122,1.2
7123,1.0
7124,1.5
7125,1.0
7126,1.0
7127,1.0
7128,1.0
7129,1.0
7130,1.0
7131,1.0
7132,1.0
7133,0.9
7134,1.0
7135,1.0
7136,1.0
7137,1.0
7138,1.0
7153,1.0
7154,0.75
7155,1.0
7156,1.0
7157,1.0
7158,1.0
7159,1.0
7160,1.0
7161,1.0
7162,1.0
7163,1.0
7164,1.0
7165,1.0
7166,1.0
7167,1.2
7168,1.0
7169,1.0
7170,1.0
7171,0.9
7172,1.0
7173,0.9
7174,1.0
7175,1.0
7176,1.0
7177,1.0
7178,1.0
7179,1.0
7180,1.0
7181,1.0
7182,1.0
7183,1.0
7184,1.0
7185,1.0
7186,1.0
7187,1.0
7188,1.0
7189,1.0
7190,1.0
7191,1.05
7192,1.0
7193,1.05
7194,0.95
7195,0.95
7196,1.0
7197,1.0
7198,1.0
7199,1.0
7200,1.0
7201,1.0
7202,1.0
7203,1.0
7204,1.0
7205,1.0
7206,1.0
7207,1.0
7208,1.0
7209,1.0
7210,1.0
7211,1.0
7212,1.0
7213,1.0
7214,1.0
7215,1.0
7216,1.0
7217,1.0
7218,1.0
7219,1.0
7220,1.0
7221,1.0
7222,1.0
7223,1.0
7224,1.0
7225,1.0
7226,1.0
7227,1.0
7228,1.0
7229,1.0
7230,1.0
7231,1.0
7232,1.0
7233,1.0
7234,1.0
7235,0.95
7236,1.05
7237,1.0
7238,1.0
7239,1.0
7240,1.0
7241,1.0
7242,1.0
7243,1.0
7244,1.0
7245,1.0
7246,1.0
7247,1.0
7248,1.0
7249,1.0
7250,1.0
7268,0.5
7269,1.2
7270,1.0
7271,3.0
7272,1.0
7273,1.0
7274,1.0
7275,1.0
7288,1.0
7289,4.0
7308,1.0
7309,1.0
7310,1.0
7311,1.0
7328,1.0
7329,1.0
7330,1.0
7331,1.0
7332,1.0
7333,1.0
7334,1.0
7335,1.0
7336,1.5
7337,1.0
7338,1.0
7339,1.3
7340,1.0
7341,1.0
7342,1.0
7343,1.0
7344,1.15
7345,1.0
7346,1.0
7347,1.4
7348,1.15
7349,1.3
7350,0.75
7351,1.0
7352,1.15
7353,1.0
7354,1.0
7355,1.0
7356,1.0
7357,1.0
7358,1.0
7359,1.0
7360,1.0
7361,1.0
7362,1.0
7363,1.0
7364,1.0
7365,1.0
7366,1.0
7367,1.7
7368,1.0
7369,1.0
7370,1.0
7371,1.0
7372,1.0
7373,1.0
7374,1.0
7375,1.0
7376,1.0
7377,1.0
7378,1.0
7379,1.0
7380,1.0
7381,1.0
7382,1.0
7383,1.0
7384,1.0
7389,1.0
7390,1.0
7409,1.2
7429,1.0
7449,1.0
7469,1.0
7470,0.3
7489,0.5
7509,1.0
7510,1.15
7511,0.1
7529,1.0
7530,1.0
7531,1.0
7532,1.0
7533,1.0
7534,1.0
7535,1.0
7536,1.0
7537,1.0
7538,1.0
7549,1.0
7550,1.0
7552,0.5
7553,1.5
7554,0.5
7555,1.0
7569,1.5
7570,1.0
7571,0.3
7572,0.25
7589,1.0
7590,1.0
7591,1.0
7592,1.2
7593,1.0
7594,1.0
7595,1.0
7596,1.0
7597,1.0
7598,1.0
7599,1.0
7600,1.0
7601,1.0
7602,1.0
7603,1.0
7604,1.0
7605,1.0
7606,1.0
7607,1.0
7608,1.0
7609,1.0
7610,1.0
7611,1.0
7612,1.0
7613,1.0
7614,1.0
7615,1.0
7616,3.0
7617,2.0
7618,1.15
7619,1.35
7620,1.0
7621,1.0
7622,1.0
7623,1.0
7624,1.0
7625,1.0
7626,1.0
7627,1.0
7628,1.0
7629,1.0
7631,1.0
7632,1.0
7633,1.0
7649,1.3
7669,1.0
7670,1.0
7671,0.8
7672,1.2
7673,1.0
7689,1.0
7690,2.5
7691,2.5
7709,1.0
7729,1.0
7730,1.0
7749,1.0
7750,1.0
7751,1.0
7752,2.5
7753,1.0
7754,1.0
7755,2.5
7756,1.0
7757,2.5
7758,1.0
7759,1.2
7760,1.2
7761,1.0
7762,1.0
7763,0.5
7764,1.2
7765,1.0
7766,1.0
7769,1.0
7789,1.0
7790,1.0
7791,1.0
7792,1.0
7793,1.0
7794,1.0
7795,1.0
7796,1.0
7797,1.0
7798,1.0
7799,1.0
7800,1.0
7801,1.0
7802,1.0
7803,1.2
7804,0.01
7805,1.0
7806,0.8
7807,1.0
7808,1.0
7809,1.0
7810,1.0
7811,1.0
7812,1.0
7813,1.0
7814,1.0
7815,1.0
7816,1.0
7817,1.0
7818,1.0
7819,1.0
7820,1.05
7821,1.0
7822,1.0
7823,1.0
7824,1.0
7825,1.0
7826,1.0
7827,1.0
7828,1.0
7829,1.5
7830,1.0
7831,1.0
7832,1.0
7833,1.0
7834,1.0
7835,1.0
7836,1.15
7837,1.3
7838,1.0
7839,1.5
7840,1.75
7841,1.0
7842,1.0
7844,1.3
7845,2.5
7846,0.85
7847,1.5
7848,1.3
7849,1.0
7850,1.15
7851,1.0
7852,0.95
7853,1.15
7854,1.0
7855,1.15
7856,1.3
7857,1.2
7858,1.75
7859,1.0
7860,1.0
7861,1.0
7862,1.0
7863,1.0
7864,1.45
7865,1.0
7866,1.0
7867,1.0
7868,1.0
7869,1.5
7870,1.0
7871,1.0
7872,1.0
7873,2.0
7874,1.1
7875,1.0
7876,1.0
7889,1.0
7890,1.0
7891,1.15
7892,0.9
7893,1.5
7894,0.6
7895,1.0
7896,0.75
7897,0.9
7898,0.75
7899,1.0
7900,1.25
7901,1.0
7902,1.0
7903,1.5
7904,1.0
7905,1.0
7906,0.75
7907,1.0
7908,1.15
7909,1.0
7910,1.0
7911,1.0
7912,1.0
7913,1.0
7914,1.0
7915,1.0
7916,1.0
7917,1.2
7918,1.2
7919,1.5
7920,1.0
7921,1.0
7922,1.0
7923,1.0
7929,1.0
7930,1.0
7931,1.0
7932,1.0
7933,1.0
7934,1.0
7935,0.8
7936,1.0
7937,1.3
7949,0.85
7950,4.0
7951,1.0
7952,1.0
7969,1.0
7970,1.5
7971,1.25
7972,3.0
7974,1.25
7975,1.0
7976,1.75
7989,1.0
7990,1.0
7991,1.0
7992,1.0
7993,1.0
7994,1.0
7995,1.0
7996,1.0
7997,1.0
7998,1.0
7999,1.0
8000,1.0
8001,1.0
8009,1.0
8010,1.0
8011,1.0
8012,1.0
8013,1.15
8014,1.0
8015,1.3
8029,1.0
8049,0.75
8050,1.0
8053,2.5
8054,1.0
8055,2.0
8069,1.0
8089,1.0
8109,0.55
8129,1.5
8149,1.0
8150,1.3
8151,1.15
8152,1.5
8169,1.0
8170,1.0
8171,1.0
8172,0.5
8173,2.5
8174,2.5
8175,1.0
8176,1.0
8177,1.5
8178,1.8
8179,1.8
8180,1.0
8181,1.15
8182,1.0
8183,0.75
8184,0.5
8185,1.0
8186,1.0
8189,0.25
8190,1.0
8191,1.0
8209,3.0
8229,1.0
8249,1.0
8269,1.5
8270,1.8
8271,1.5
8289,2.1
8309,1.25
8310,1.5
8311,1.5
8312,1.0
8313,1.5
8314,1.25
8315,1.75
8316,1.25
8317,1.0
8318,1.15
8329,1.0
8330,1.0
8331,1.0
8332,1.0
8333,1.0
8334,1.0
8335,1.0
8349,1.0
8350,1.0
8351,1.0
8352,1.0
8353,1.0
8354,1.0
8355,1.0
8356,1.0
8369,0.75
8389,1.5
8390,1.2
8391,0.4
8392,1.0
8395,2.0
8409,0.25
8410,0.75
8411,1.0
8412,1.25
8413,1.0
8429,1.0
8430,1.0
8431,1.3
8432,1.45
8449,1.0
8469,1.0
8470,0.6
8471,1.3
8472,1.5
8473,1.0
8474,1.0
8475,0.75
8476,1.0
8477,1.0
8478,1.0
8479,1.0
8489,1.0
8509,1.0
8510,1.0
8511,1.25
8512,1.5
8529,1.75
8549,1.25
8550,1.0
8569,1.0
8570,1.8
8571,1.0
8572,1.0
8573,1.0
8574,0.8
8575,1.5
8589,1.7
8590,1.25
8591,1.0
8592,1.0
8593,1.0
8594,1.0
8595,1.0
8596,1.0
8597,1.0
8598,1.3
8609,1.0
8610,2.0
8611,3.0
8612,2.5
8629,1.0
8630,1.0
8631,1.0
8632,0.9
8633,1.0
8634,1.0
8649,1.0
8650,1.0
8651,1.0
8652,1.0
8653,1.0
8654,1.0
8655,1.2
8656,1.0
8657,1.0
8658,1.0
8659,1.0
8660,1.0
8661,1.0
8662,1.0
8663,1.0
8664,1.4
8665,1.0
8666,1.0
8667,1.0
8668,1.0
8669,1.0
8670,1.0
8671,1.0
8672,1.0
8673,1.0
8674,1.0
8675,1.0
8676,1.0
8677,1.0
8678,1.0
8679,1.0
8680,1.0
8681,1.2
8682,1.2
8683,1.2
8684,1.2
8685,1.0
8686,2.0
8687,2.0
8688,2.0
8689,2.0
8690,2.0
8691,2.0
8692,2.0
8693,1.0
8694,1.0
8695,1.0
8696,1.0
8697,1.0
8698,1.0
8699,1.0
8700,1.0
8701,1.0
8702,1.0
8703,1.2
8704,1.0
8705,1.0
8706,1.0
8707,1.0
8708,1.1
8709,1.0
8710,1.0
8711,2.0
8712,1.3
8713,1.5
8714,1.0
8715,1.5
8716,1.5
8717,1.0
8718,1.0
8729,1.0
8749,1.0
8750,1.0
8751,1.0
8752,1.0
8753,1.0
8754,1.0
8755,0.9
8756,1.25
8757,1.0
8758,1.0
8759,1.1
8760,1.0
8761,1.2
8762,1.0
8763,1.0
8764,1.0
8765,1.0
8766,1.0
8767,1.0
8768,1.0
8769,1.0
8772,1.0
8773,1.0
8774,1.0
8776,1.0
8777,1.0
8778,1.0
8779,1.0
8780,1.0
8781,1.0
8782,1.3
8783,1.5
8789,1.0
8790,1.0
8791,1.0
8792,1.0
8793,1.0
8794,1.0
8795,1.0
8796,1.0
8797,1.0
8798,1.0
8799,1.0
8800,1.0
8801,1.0
8802,1.15
8803,1.0
8804,1.0
8805,1.0
8806,1.0
8807,1.2
8808,0.3
8809,1.0
8810,3.0
8811,3.0
8812,1.0
8813,1.0
8814,1.0
8815,1.0
8816,0.5
8817,0.5
8818,0.5
8819,0.5
8820,1.0
8821,1.0
8822,1.0
8823,1.0
8824,2.5
8825,1.0
8826,1.0
8827,1.0
8828,1.0
8829,1.0
8830,1.0
8831,1.0
8832,1.0
8833,2.0
8834,2.0
8837,1.75
8838,1.5
8839,2.5
8840,0.75
8841,1.0
8842,1.5
8843,0.6
8844,1.75
8845,1.0
8846,1.0
8847,1.0
8848,1.0
8849,1.0
8869,0.6
8870,1.5
8871,0.75
8872,1.0
8889,1.0
8890,1.0
8891,1.0
8892,1.0
8893,1.0
8894,1.0
8895,1.0
8896,1.0
8897,1.0
8898,1.2
8899,1.2
8900,1.2
8901,1.2
8909,0.15
8910,0.15
8929,1.0
8949,1.0
8969,1.15
8970,1.3
8971,0.1
8972,1.5
8989,1.0
9009,1.15
9010,1.75
9011,1.3
9012,1.5
9013,2.0
9014,1.5
9015,1.15
9016,1.3
9017,1.3
9018,1.5
9019,1.3
9020,0.9
9021,0.75
9022,1.3
9023,1.0
9024,1.0
9025,1.0
9026,1.0
9027,1.0
9028,0.4
9029,0.3
9030,0.75
9031,1.0
9032,0.75
9033,0.5
9049,1.1
9050,2.25
9051,1.0
9052,1.0
9053,1.0
9054,1.0
9055,1.0
9069,1.0
9070,1.0
9071,1.0
9072,1.0
9073,1.0
9074,1.0
9089,1.2
9109,1.2
9129,1.5
9130,1.0
9131,1.0
9132,1.0
9133,1.0
9134,1.75
9135,1.5
9136,1.0
9149,1.0
9150,1.0
9151,1.0
9169,1.0
9189,3.0
9209,0.5
9210,1.0
9211,1.0
9212,1.0
9213,1.0
9229,1.5
9230,1.0
9231,3.5
9232,1.0
9233,1.0
9234,1.0
9235,1.0
9236,1.0
9249,1.0
9250,1.0
9251,1.0
9252,1.0
9253,1.0
9254,1.0
9255,1.0
9256,1.0
9257,1.0
9258,1.0
9259,1.0
9260,1.0
9261,1.0
9262,1.0
9263,1.0
9264,1.0
9265,1.0
9266,1.0
9267,1.0
9268,1.0
9269,1.0
9270,1.0
9271,1.0
9272,1.1
9273,1.0
9274,1.0
9275,1.0
9276,1.3
9277,1.75
9278,1.15
9279,1.0
9280,1.3
9281,1.0
9282,1.0
9283,1.0
9284,1.0
9285,1.0
9286,1.0
9287,1.5
9288,1.0
9289,0.9
9290,0.9
9291,1.1
9292,1.0
9293,1.0
9294,1.0
9295,1.0
9309,1.0
9329,1.0
9330,1.0
9331,1.0
9332,1.0
9333,1.0
9334,1.0
9335,1.0
9336,1.0
9337,1.0
9338,1.0
9339,1.0
9340,1.0
9341,1.0
9342,0.6
9343,1.0
9344,1.0
9345,0.9
9346,1.0
9347,1.0
9348,1.0
9349,1.0
9350,1.0
9351,1.0
9352,1.0
9353,1.0
9354,0.4
9369,0.9
9370,1.5
9371,1.0
9372,1.3
9389,1.15
9390,0.85
9391,1.0
9392,1.0
9409,0.85
9410,0.85
9411,1.0
9412,1.0
9413,1.0
9414,1.15
9415,1.15
9416,1.15
9417,1.3
9418,1.5
9419,1.0
9420,1.0
9421,1.15
9422,1.15
9423,1.0
9424,1.15
9425,1.3
9426,1.3
9427,1.5
9428,1.0
9429,1.0
9430,1.15
9431,1.15
9432,1.3
9433,1.5
9434,1.15
9435,1.15
9436,1.3
9437,1.3
9438,1.15
9439,1.5
9440,1.3
9441,1.5
9442,0.85
9443,0.85
9444,0.85
9445,1.0
9446,1.15
9447,1.0
9448,1.3
9449,1.0
9469,0.3
9470,1.0
9471,3.0
9472,1.5
9473,1.0
9474,1.0
9475,1.0
9476,1.0
9477,1.2
9489,1.75
9490,1.15
9491,1.75
9492,2.0
9509,2.0
9510,1.0
9511,0.4
9529,1.3
9530,1.3
9531,1.3
9532,1.5
9533,1.3
9534,0.9
9535,0.2
9549,1.0
9550,1.0
9551,1.0
9552,1.0
9553,1.0
9554,0.25
9555,0.25
9556,0.25
9557,0.25
9558,3.0
9560,1.75
9561,1.0
9562,1.3
9563,0.4
9564,3.0
9565,1.3
9566,1.15
9567,2.0
9568,1.1
9569,1.2
9570,1.15
9571,1.3
9572,0.4
9573,1.3
9574,1.0
9575,1.0
9576,1.0
9577,1.0
9578,1.0
9579,1.0
9580,1.0
9581,1.75
9582,1.3
9583,0.85
9584,1.3
9585,1.15
9586,0.85
9587,0.85
9588,1.0
9589,0.7
9590,1.0
9591,1.75
9592,1.75
9593,1.5
9594,6.0
9595,4.5
9596,1.2
9599,1.2
9602,1.2
9603,1.2
9604,1.2
9605,1.2
9606,1.2
9609,1.2
9610,1.2
9613,1.2
9614,1.2
9615,1.2
9616,1.2
9617,1.2
9618,1.2
9619,1.2
9620,1.2
9621,1.2
9623,1.2
9625,1.2
9626,1.2
9627,1.2
9628,1.2
9629,1.2
9630,1.2
9633,1.2
9634,1.2
9635,1.2
9636,1.2
9637,1.2
9638,1.2
9641,1.2
9642,1.2
9643,1.5
9644,1.2
9645,1.2
9648,1.2
9649,1.2
9652,1.2
9653,1.2
9656,1.2
9657,1.2
9660,1.2
9661,1.2
9664,1.2
9665,1.2
9668,1.5
9669,1.3
9670,1.2
9671,1.2
9672,1.2
9673,1.2
9674,1.0
9675,1.0
9676,1.0
9677,1.0
9678,1.2
9679,1.2
9680,1.2
9681,1.2
9682,1.0
9683,1.0
9684,1.0
9685,1.0
9686,1.2
9687,1.2
9688,1.2
9689,1.2
9690,1.2
9691,1.3
9692,1.2
9693,1.2
9694,1.2
9695,1.5
9696,1.3
9697,1.3
9698,1.3
9699,1.3
9709,1.0
9710,1.0
9711,1.0
9712,1.0
9714,1.5
9715,1.0
9716,1.0
9717,1.0
9718,1.0
9719,1.0
9720,1.0
9721,1.0
9722,1.0
9723,1.0
9724,1.0
9725,1.0
9726,1.0
9727,1.0
9728,1.0
9729,1.0
9730,1.0
9731,1.0
9732,1.2
9733,1.2
9734,1.3
9735,1.3
9736,1.3
9737,1.3
9738,1.2
9739,1.0
9740,1.0
9741,1.0
9742,1.0
9749,0.4
9750,0.3
9751,1.0
9752,1.0
9753,1.25
9754,1.0
9755,1.25
9756,0.5
9757,1.0
9758,1.0
9760,1.75
9761,1.0
9762,1.0
9763,1.0
9764,1.0
9765,1.0
9766,1.0
9767,1.0
9768,1.0
9769,1.0
9770,1.0
9771,1.0
9772,1.0
9773,1.0
9774,1.0
9775,1.0
9776,1.0
9777,1.0
9778,1.2
9779,1.0
9780,1.0
9781,1.15
9782,1.5
9783,1.0
9784,1.0
9785,1.0
9786,1.0
9787,1.15
9788,1.3
9789,1.3
9790,1.3
9791,1.0
9792,1.0
9793,1.25
9794,1.0
9795,1.0
9796,1.0
9797,1.0
9798,1.0
9799,1.0
9800,1.0
9801,1.0
9802,1.0
9803,1.0
9804,1.0
9805,1.0
9806,1.0
9807,1.0
9808,1.0
9809,1.0
9810,1.0
9811,1.0
9812,1.0
9813,1.0
9814,1.0
9815,1.0
9816,1.0
9817,1.0
9818,1.0
9819,1.0
9820,1.0
9821,1.0
9822,1.0
9823,1.0
9824,1.0
9825,1.0
9826,1.0
9829,0.2
9832,1.0
9849,1.2
9850,1.2
9851,1.2
9852,1.2
9853,1.2
9854,1.2
9855,1.2
9856,1.2
9857,1.2
9858,1.2
9859,1.2
9860,1.2
9861,1.2
9862,1.2
9863,1.2
9864,1.2
9865,1.2
9866,1.2
9867,1.2
9868,1.2
9869,1.2
9870,1.2
9871,1.2
9872,1.2
9873,1.2
9874,1.2
9875,1.2
9876,1.2
9877,1.2
9878,1.2
9879,1.2
9880,1.2
9881,1.2
9882,1.2
9883,1.2
9884,1.2
9885,1.2
9886,1.2
9887,1.3
9888,1.2
9889,1.2
9890,1.3
9891,1.3
9892,1.2
9893,1.2
9894,1.2
9895,1.2
9896,1.2
9897,1.2
9898,1.0
9899,1.0
9900,0.9
9901,1.0
9902,1.0
9903,0.2
9904,0.2
9905,0.2
9906,0.2
9909,1.0
9910,0.1
9911,1.0
9912,1.5
9913,0.55
9929,1.75
9934,0.15
9935,1.0
9936,1.0
9937,1.0
9938,1.0
9939,1.0
9940,1.0
9941,1.0
9942,1.0
9943,1.5
9944,2.0
9946,1.2
9947,0.8
9949,1.0
9950,1.2
9951,1.1
9952,1.5
9953,1.3
9954,1.3
9955,1.8
9956,1.0
9957,1.5
9958,0.5
9969,1.0
9989,0.35
9990,0.5
9991,1.5
9992,0.75
9993,0.5
9994,1.0
9995,1.0
9996,1.15
9997,0.25
9999,1.0
10000,1.0
10001,1.0
10002,1.0
10003,1.0
10004,1.0
10005,1.0
10006,1.45
10007,1.0
10008,1.0
10009,1.1
10010,1.0
10015,0.4
10029,0.5
10030,0.7
10031,0.3
10032,1.5
10033,0.15
10034,1.0
10035,1.0
10036,1.0
10037,1.45
10038,0.8
10039,1.45
10040,1.3
10041,1.3
10042,1.6
10043,1.3
10044,1.3
10045,1.0
10046,0.5
10049,1.0
10050,1.0
10051,1.0
10052,1.0
10054,1.5
10055,1.5
10056,1.0
10057,1.0
10069,1.2
10070,1.5
10071,1.0
10089,0.95
10090,1.3
10091,1.0
10092,1.0
10093,1.0
10094,1.0
10095,1.0
10109,1.0
10110,1.0
10111,1.0
10113,1.4
10114,1.7
10115,2.0
10116,1.5
10129,1.0
10130,1.0
10131,1.0
10132,1.0
10133,3.0
10134,1.0
10135,1.0
10136,1.0
10137,1.0
10138,1.0
10139,1.0
10140,1.0
10141,1.0
10142,1.0
10143,1.0
10144,1.0
10145,1.0
10146,1.0
10147,1.0
10148,1.0
10149,1.0
10150,1.0
10151,1.0
10152,1.0
10153,1.0
10169,2.5
10170,1.75
10171,1.0
10172,1.3
10173,1.3
10174,1.3
10175,1.3
10176,1.2
10177,1.2
10178,1.2
10179,1.2
10180,1.0
10181,1.0
10182,1.0
10183,1.3
10184,1.0
10185,1.0
10186,1.0
10187,1.0
10188,1.0
10189,2.0
10190,1.0
10191,1.3
10192,1.0
10193,3.0
10194,1.0
10195,1.0
10196,1.0
10197,1.0
10198,1.0
10199,1.0
10209,0.4
10210,1.0
10211,1.0
10212,1.0
10213,1.0
10214,1.0
10215,1.0
10216,1.0
10217,1.0
10218,1.3
10219,1.3
10220,1.3
10221,1.3
10222,1.3
10223,1.0
10224,1.0
10225,1.0
10226,1.0
10227,1.0
10228,1.0
10229,1.0
10230,1.0
10231,1.0
10232,1.0
10233,1.0
10234,1.0
10235,1.0
10236,1.0
10237,1.0
10238,1.0
10239,1.0
10240,1.0
10241,1.0
10242,1.25
10243,1.0
10244,5.0
10245,1.0
10246,1.0
10247,1.0
10248,1.3
10249,1.0
10250,1.0
10251,1.0
10252,1.0
10253,1.0
10254,1.0
10255,1.15
10256,1.15
10269,0.25
10270,1.0
10271,1.15
10273,1.3
10274,1.5
10275,1.0
10277,1.0
10278,1.3
10279,1.0
10280,1.0
10281,1.0
10282,1.3
10283,1.5
10284,1.5
10285,1.3
10286,1.0
10287,1.0
10288,1.0
10289,1.0
10290,1.5
10291,1.0
10292,1.0
10293,1.0
10294,1.0
10295,1.0
10296,1.0
10297,1.0
10298,1.0
10299,1.0
10300,1.0
10301,1.0
10302,1.0
10303,1.0
10304,1.0
10305,1.0
10306,1.0
10307,1.0
10308,1.0
10309,1.0
10310,1.0
10311,1.0
10312,1.0
10313,1.0
10314,1.0
10315,2.0
10316,1.5
10317,2.0
10318,1.0
10319,1.4
10320,1.0
10321,1.0
10322,1.0
10323,1.0
10324,1.0
10325,1.0
10326,1.0
10327,1.0
10328,1.0
10329,1.0
10330,1.0
10331,1.0
10332,1.0
10333,1.0
10334,1.0
10335,1.0
10336,1.0
10337,1.0
10338,1.05
10339,1.0
10340,1.0
10341,1.1
10342,1.0
10343,1.0
10344,1.0
10345,1.05
10346,1.0
10347,1.0
10348,1.0
10349,1.0
10350,1.0
10351,1.0
10352,1.0
10353,1.0
10354,1.0
10355,1.0
10356,1.0
10357,1.2
10358,1.0
10359,1.0
10360,1.0
10361,1.0
10362,1.0
10363,1.0
10364,1.0
10365,1.0
10366,1.0
10367,1.0
10368,1.0
10369,1.0
10370,1.0
10371,1.0
10372,1.0
10373,1.0
10374,1.0
10375,1.05
10376,1.0
10377,1.0
10378,1.0
10379,1.0
10380,1.0
10381,1.0
10382,1.0
10383,1.0
10384,1.0
10385,1.0
10386,1.0
10387,1.0
10388,1.0
10389,1.0
10390,1.0
10391,1.0
10392,1.0
10393,1.0
10394,1.0
10395,1.0
10396,1.0
10397,1.0
10398,1.0
10399,1.0
10400,1.0
10401,1.0
10402,1.1
10403,1.0
10404,1.0
10405,1.0
10406,1.0
10407,1.0
10408,1.0
10409,1.0
10410,1.0
10411,1.0
10412,1.0
10413,1.0
10414,1.0
10415,1.0
10416,1.0
10417,1.0
10418,1.0
10419,1.0
10420,1.0
10421,1.0
10422,1.0
10423,1.0
10424,1.0
10425,1.0
10426,1.5
10427,1.0
10428,1.0
10429,1.0
10430,1.0
10431,1.2
10432,1.05
10433,1.0
10434,1.0
10435,1.0
10436,1.0
10437,1.0
10438,1.0
10439,1.0
10440,1.0
10441,1.0
10442,1.0
10443,1.0
10444,1.0
10445,1.0
10446,1.0
10447,1.0
10448,1.0
10449,1.0
10450,1.0
10451,1.0
10452,1.2
10453,1.0
10454,1.0
10455,1.0
10456,1.0
10457,1.0
10458,1.0
10459,1.0
10460,1.0
10461,1.0
10462,1.0
10463,1.0
10464,1.0
10465,1.0
10466,1.0
10468,1.0
10469,1.0
10470,1.0
10471,1.0
10472,1.0
10473,1.0
10474,1.0
10475,1.0
10476,1.0
10477,1.0
10478,1.0
10479,1.0
10480,1.0
10481,1.0
10482,1.0
10483,1.0
10484,1.0
10485,1.0
10486,1.0
10487,1.3
10488,1.0
10489,1.0
10490,1.0
10491,1.0
10492,1.0
10493,1.0
10494,1.0
10495,1.0
10496,1.0
10497,1.0
10498,1.0
10499,1.0
10500,1.0
10501,1.0
10502,1.0
10503,1.0
10504,1.0
10505,1.0
10506,1.0
10507,1.0
10508,1.0
10509,1.0
10510,1.0
10511,1.0
10512,1.0
10513,1.0
10514,1.0
10515,1.0
10516,1.0
10517,1.0
10518,1.0
10519,1.0
10529,1.0
10530,1.0
10531,1.0
10532,1.0
10533,1.0
10534,1.0
10535,1.0
10536,1.0
10537,1.0
10538,1.0
10539,1.0
10540,1.0
10541,1.0
10542,1.0
10543,1.5
10544,1.0
10545,1.0
10546,1.0
10547,1.0
10548,1.0
10549,1.0
10550,1.0
10551,1.0
10552,1.0
10553,1.5
10554,1.0
10557,1.0
10558,1.0
10559,1.0
10560,1.0
10561,1.0
10562,1.0
10563,1.0
10564,1.0
10565,1.0
10566,1.0
10567,1.0
10569,1.0
10570,1.0
10571,1.0
10572,1.0
10573,1.0
10574,1.0
10575,1.0
10576,1.0
10577,1.0
10578,1.0
10579,1.3
10580,1.0
10581,1.0
10582,1.0
10583,1.5
10584,1.75
10585,1.3
10586,1.0
10587,1.0
10588,1.0
10589,1.0
10590,1.0
10591,1.0
10592,1.0
10609,1.0
10610,1.0
10611,1.0
10612,1.6
10613,1.6
10614,1.0
10615,1.0
10616,1.0
10617,1.0
10618,2.0
10619,1.0
10620,1.0
10621,1.5
10622,1.0
10623,1.0
10624,1.0
10625,1.0
10626,1.3
10627,1.5
10628,0.75
10629,1.0
10630,0.9
10631,1.0
10632,1.0
10633,1.0
10634,1.0
10635,1.0
10636,1.0
10637,1.0
10638,1.0
10639,1.0
10640,1.0
10641,1.0
10642,1.75
10643,1.15
10644,1.0
10645,1.0
10646,1.0
10647,1.0
10648,0.8
10649,1.0
10650,1.0
10651,1.0
10652,1.0
10653,1.0
10654,1.0
10655,1.0
10656,1.0
10657,1.0
10658,1.0
10659,1.2
10660,1.2
10661,1.0
10662,1.0
10663,1.2
10664,1.0
10665,1.0
10666,1.0
10667,1.0
10668,1.0
10669,1.2
10670,1.0
10671,1.0
10672,1.0
10673,1.0
10674,1.0
10689,1.0
10690,1.0
10691,2.5
10692,1.0
10693,1.0
10694,1.0
10695,1.0
10696,1.0
10697,1.0
10698,1.5
10699,1.3
10700,1.0
10701,1.0
10702,1.0
10703,1.5
10704,1.45
10705,2.35
10706,1.0
10707,2.35
10708,2.65
10709,2.5
10710,1.2
10711,1.3
10712,2.5
10713,1.0
10714,1.6
10715,1.1
10716,1.15
10717,1.3
10718,1.0
10719,1.0
10720,1.0
10721,1.0
10722,1.0
10723,1.0
10724,1.0
10725,1.0
10726,1.0
10727,1.0
10728,1.15
10729,1.5
10730,1.0
10731,1.0
10732,1.0
10733,1.0
10734,1.0
10735,1.0
10736,1.0
10737,1.0
10738,1.0
10739,1.0
10740,1.0
10741,1.0
10742,1.0
10743,1.0
10744,1.0
10745,1.0
10746,1.0
10747,1.0
10748,1.0
10749,1.0
10750,1.15
10751,1.3
10752,0.75
10753,0.25
10754,1.0
10771,1.0
10772,0.75
10789,1.0
10790,1.3
10791,0.85
10792,1.5
10793,1.5
10794,1.5
10795,1.5
10796,1.3
10797,1.0
10798,1.3
10799,0.85
10800,1.3
10801,1.5
10802,2.0
10803,1.5
10804,1.3
10805,1.75
10806,1.75
10807,1.45
10808,1.3
10809,1.75
10810,1.6
10811,0.5
10812,0.75
10813,1.0
10814,1.5
10815,1.3
10816,1.3
10817,1.5
10818,0.85
10819,1.3
10820,1.0
10821,1.0
10822,1.0
10823,1.0
10824,1.0
10825,1.15
10826,1.5
10827,1.5
10828,1.15
10829,1.3
10830,1.15
10831,1.5
10832,0.85
10833,1.5
10834,1.0
10849,2.2
10850,1.3
10851,1.0
10852,0.85
10853,0.85
10854,1.0
10855,1.15
10856,1.15
10857,1.0
10858,1.0
10869,1.15
10870,1.5
10871,1.5
10872,1.15
10873,1.0
10874,1.3
10875,1.5
10876,1.3
10877,0.85
10878,1.0
10889,1.15
10890,1.0
10891,1.3
10892,1.5
10893,1.3
10894,1.15
10895,1.0
10896,1.0
10897,1.5
10898,1.0
10899,1.3
10900,1.15
10901,1.0
10902,1.3
10903,1.15
10904,1.3
10905,1.45
10906,1.3
10907,1.0
10908,1.0
10909,1.0
10910,1.0
10911,1.75
10912,0.85
10913,0.7
10914,1.5
10915,1.75
10916,1.15
10917,1.3
10918,1.15
10919,1.5
10920,1.5
10921,1.3
10922,1.3
10923,1.0
10924,1.5
10925,1.5
10926,1.3
10927,1.3
10928,1.0
10929,1.0
10930,1.0
10931,1.0
10932,2.5
10933,1.3
10934,1.3
10935,1.0
10936,1.0
10937,1.0
10938,1.0
10939,1.0
10940,1.0
10941,1.0
10942,1.0
10943,1.3
10944,1.5
10945,1.5
10946,1.75
10947,1.5
10948,1.0
10949,1.0
10950,0.7
10951,0.85
10952,1.15
10953,1.0
10954,1.0
10955,1.0
10956,1.0
10957,1.5
10958,1.0
10969,1.0
10970,1.15
10971,1.15
10972,1.3
10973,0.85
10974,1.3
10975,1.5
10976,1.5
10977,0.85
10978,1.3
10979,0.85
10980,1.0
10981,1.0
10982,1.0
10983,1.5
10984,1.0
10985,1.75
10986,1.3
10987,1.15
10988,1.3
10989,0.9
10990,0.25
10991,0.85
10992,0.25
10993,0.25
10994,1.0
10995,1.0
10996,0.3
11009,0.3
11010,0.5
11011,1.5
11012,1.5
11013,1.0
11014,1.0
11015,1.0
11016,1.0
11017,1.0
11018,1.0
11019,1.0
11020,1.0
11021,1.0
11022,1.0
11023,1.0
11024,1.0
11025,1.0
11026,1.0
11027,1.0
11028,1.0
11029,2.0
11030,1.8
11031,1.65
11032,1.0
11033,1.0
11034,1.5
11035,1.0
11036,1.0
11037,1.0
11038,1.0
11039,1.0
11040,1.0
11041,1.0
11042,1.0
11043,1.0
11044,1.0
11045,1.0
11046,1.0
11047,1.0
11048,1.0
11049,1.0
11050,1.0
11051,1.0
11052,1.0
11053,1.0
11054,1.0
11055,1.0
11056,1.0
11057,1.0
11058,1.0
11059,1.0
11060,1.0
11061,1.0
11062,1.0
11063,1.0
11069,1.0
11070,1.5
11071,1.15
11072,1.5
11073,1.25
11074,1.0
11075,1.0
11076,1.0
11077,1.0
11078,1.3
11079,1.15
11080,1.0
11081,1.0
11082,1.0
11083,1.0
11084,1.5
11085,1.3
11086,1.5
11087,1.15
11088,1.3
11089,1.15
11090,1.15
11091,1.15
11092,1.5
11093,1.15
11094,1.0
11095,1.0
11096,0.7
11097,0.7
11098,0.85
11099,0.85
11100,1.0
11101,1.0
11102,1.0
11103,1.0
11104,0.85
11105,0.7
11106,1.5
11107,1.15
11108,1.0
11109,1.0
11110,1.0
11111,1.0
11112,1.0
11113,1.0
11114,1.0
11115,1.0
11116,1.0
11117,1.0
11118,1.0
11119,1.0
11120,1.0
11121,1.0
11122,1.0
11123,1.0
11124,1.0
11125,1.0
11126,1.0
11127,1.0
11128,1.0
11129,1.0
11130,1.0
11131,1.0
11132,1.0
11133,1.0
11134,1.0
11135,1.0
11136,1.0
11137,1.3
11138,1.15
11139,1.3
11140,1.3
11141,1.5
11142,1.15
11143,0.85
11144,0.7
11145,1.0
11146,1.0
11147,1.0
11148,1.0
11149,1.0
11150,1.0
11151,1.0
11152,1.0
11153,1.0
11154,1.0
11155,1.0
11156,1.0
11157,1.0
11158,1.0
11159,1.0
11160,1.0
11161,1.0
11162,1.0
11163,1.0
11164,1.0
11165,2.0
11166,1.75
11167,1.0
11168,1.0
11169,1.0
11170,1.0
11171,1.75
11172,2.0
11173,1.0
11174,1.15
11175,1.0
11176,1.0
11177,1.0
11178,0.85
11179,1.5
11180,0.7
11181,1.5
11182,1.0
11183,1.0
11184,1.0
11185,1.0
11189,1.0
11190,1.0
11191,1.0
11192,1.0
11193,1.0
11194,1.0
11195,1.0
11196,1.0
11197,1.0
11198,1.0
11199,1.0
11200,1.0
11201,1.0
11202,1.0
11203,1.0
11204,1.0
11205,1.0
11206,1.0
11207,1.0
11208,1.0
11209,1.0
11210,1.0
11211,1.0
11212,1.0
11213,1.0
11214,1.0
11215,1.0
11216,1.0
11217,1.0
11218,1.0
11219,1.0
11220,1.0
11221,1.0
11222,1.0
11223,1.0
11224,1.0
11225,1.0
11226,1.0
11227,1.0
11228,1.0
11229,1.0
11230,1.0
11231,1.0
11232,1.0
11233,1.0
11234,1.0
11235,1.0
11236,1.0
11237,1.0
11238,1.0
11239,1.0
11240,1.0
11241,1.0
11242,1.0
11243,1.0
11244,1.0
11245,1.0
11246,1.0
11247,1.0
11248,1.0
11249,1.0
11250,1.0
11251,1.0
11252,1.0
11253,1.5
11254,1.3
11255,1.15
11256,1.0
11257,2.0
11258,2.0
11259,1.5
11260,1.75
11261,2.0
11262,2.0
11263,1.5
11264,1.15
11265,1.75
11266,1.75
11267,2.0
11268,2.0
11269,1.15
11270,1.0
11271,2.25
11272,1.0
11273,1.0
11274,1.0
11275,1.0
11276,1.0
11277,1.0
11278,1.0
11279,1.0
11280,1.0
11281,1.0
11282,1.0
11283,1.0
11284,1.0
11285,1.0
11286,1.0
11287,1.0
11288,1.2
11289,1.0
11290,1.0
11291,1.0
11292,1.0
11293,1.75
11294,1.2
11295,1.0
11296,1.0
11297,1.0
11298,1.2
11299,1.0
11300,1.0
11301,1.0
11302,1.0
11303,1.0
11304,1.0
11305,1.0
11306,1.0
11307,1.0
11308,1.0
11309,1.0
11310,1.0
11311,1.2
11312,1.1
11313,1.1
11314,1.1
11315,1.5
11316,1.15
11317,1.3
11318,2.5
11319,2.5
11320,1.1
11321,1.0
11322,1.0
11323,1.0
11324,1.0
11325,1.0
11326,1.0
11327,1.1
11328,1.0
11329,1.0
11330,1.0
11331,1.3
11332,1.5
11333,1.75
11334,1.3
11335,2.0
11336,1.5
11337,1.75
11338,1.5
11339,0.7
11340,1.75
11341,2.0
11342,2.0
11343,2.25
11344,1.15
11345,1.3
11346,1.15
11347,2.25
11348,1.5
11349,1.0
11350,1.0
11351,1.0
11352,1.0
11353,1.0
11354,1.0
11355,1.0
11356,1.0
11357,1.0
11358,1.0
11359,1.0
11360,1.0
11361,1.0
11362,3.0
11363,1.5
11369,2.0
11370,1.3
11371,1.0
11372,1.0
11373,1.0
11374,1.25
11375,1.0
11376,1.0
11377,1.0
11379,1.0
11380,2.0
11381,1.75
11382,2.0
11383,1.5
11384,1.75
11385,1.3
11386,1.3
11387,1.0
11388,1.0
11389,1.0
11390,1.0
11391,1.0
11392,1.0
11393,1.0
11394,1.0
11395,1.0
11396,1.3
11397,1.15
11398,0.85
11399,0.85
11400,0.85
11401,1.3
11402,0.85
11403,1.15
11404,1.15
11405,0.85
11406,1.0
11407,1.0
11408,1.0
11409,1.0
11410,1.5
11411,0.7
11412,1.15
11413,1.0
11414,1.0
11415,0.85
11416,0.55
11417,1.3
11418,1.5
11419,1.15
11420,1.15
11421,0.85
11422,0.7
11423,1.0
11424,1.0
11425,1.0
11426,1.0
11427,1.0
11428,1.0
11429,1.0
11430,1.0
11431,1.0
11432,1.0
11433,1.0
11434,1.0
11435,1.0
11436,1.0
11437,1.0
11438,1.0
11439,1.0
11440,1.0
11441,1.0
11442,1.0
11443,1.0
11444,1.3
11445,1.5
11446,1.15
11447,2.5
11448,0.7
11449,0.85
11450,1.15
11451,0.7
11452,1.3
11453,1.0
11454,0.7
11455,2.25
11456,1.0
11457,1.0
11458,1.0
11459,1.0
11460,1.0
11461,0.75
11462,1.0
11463,1.0
11464,1.0
11465,1.0
11466,1.0
11467,1.0
11468,1.0
11469,1.0
11470,1.0
11471,1.0
11472,1.0
11473,1.0
11474,1.0
11475,1.0
11476,1.0
11477,1.0
11478,1.0
11479,1.0
11489,1.5
11490,1.0
11491,0.85
11492,1.75
11509,1.2
11510,1.0
11511,1.0
11512,1.0
11513,2.0
11529,1.6
11530,1.45
11531,1.75
11532,2.35
11533,2.35
11534,2.65
11535,2.35
11536,2.5
11537,2.35
11538,2.5
11539,1.45
11540,2.5
11541,2.2
11542,2.2
11543,2.5
11544,2.2
11545,2.05
11546,2.05
11547,2.2
11548,1.75
11549,2.2
11550,2.2
11551,1.9
11552,1.3
11553,2.5
11554,1.9
11555,1.75
11556,1.9
11557,2.05
11558,1.6
11559,2.2
11560,1.75
11561,2.35
11562,2.35
11563,1.45
11564,2.5
11565,2.65
11566,1.6
11567,1.15
11568,1.9
11569,2.05
11570,2.5
11571,1.45
11572,1.75
11573,1.15
11574,2.65
11575,2.5
11576,2.8
11577,2.35
11578,2.8
11579,2.5
11580,2.35
11581,2.65
11582,2.8
11583,2.8
11584,2.35
11585,2.35
11586,1.0
11589,1.0
11590,1.0
11591,1.0
11592,1.0
11593,1.0
11594,1.0
11595,1.0
11596,1.0
11609,0.85
11610,0.7
11611,1.0
11629,1.0
11630,1.0
11631,1.2
11632,1.3
11633,1.15
11634,1.0
11635,1.3
11636,1.5
11637,1.0
11638,1.5
11639,1.5
11640,1.5
11641,0.6
11649,1.5
11650,1.0
11651,1.15
11652,0.85
11653,1.0
11654,0.85
11655,1.0
11656,1.0
11657,1.2
11658,1.2
11659,2.0
11660,1.5
11661,1.3
11662,1.0
11663,1.0
11664,1.0
11665,1.0
11666,1.0
11667,1.0
11668,1.0
11669,1.0
11670,1.0
11671,1.0
11672,1.0
11673,1.0
11674,1.0
11675,1.0
11676,1.0
11679,1.0
11680,1.0
11681,1.0
11682,1.0
11683,1.0
11684,1.0
11685,1.0
11686,1.0
11687,1.0
11688,1.0
11689,1.0
11690,1.0
11691,1.0
11692,1.0
11693,1.0
11694,1.0
11709,0.5
11710,1.0
11711,1.0
11712,1.0
11713,1.15
11714,1.0
11729,1.0
11730,1.3
11731,1.0
11733,1.0
11734,1.0
11735,1.0
11736,1.0
11737,1.0
11738,1.0
11739,1.0
11740,1.0
11741,1.0
11742,1.0
11743,1.0
11744,1.0
11745,1.0
11746,1.0
11747,1.0
11748,1.0
11749,1.0
11750,1.0
11751,1.0
11752,1.0
11753,1.0
11754,1.0
11755,1.0
11756,1.0
11757,1.0
11758,1.0
11759,1.0
11760,1.0
11761,1.0
11762,1.0
11763,1.0
11764,1.0
11765,1.0
11766,1.0
11767,1.0
11768,1.0
11769,1.0
11770,1.0
11771,1.0
11772,1.0
11773,1.0
11774,1.0
11775,1.0
11776,1.0
11777,1.0
11789,1.0
11790,1.0
11791,1.0
11792,1.0
11793,1.0
11794,1.0
11795,1.0
11796,1.0
11797,1.2
11798,1.0
11799,1.0
11800,1.0
11801,1.0
11802,1.0
11803,1.0
11804,1.0
11805,1.0
11806,1.0
11809,1.2
11810,1.0
11811,1.0
11812,1.0
11813,1.0
11814,1.0
11815,1.0
11816,1.0
11817,1.0
11818,1.0
11819,1.0
11820,1.0
11821,1.0
11822,1.0
11823,1.0
11824,1.0
11825,1.0
11826,1.0
11827,1.0
11828,3.0
11829,2.0
11830,1.25
11831,1.0
11832,1.0
11833,1.0
11834,1.0
11835,1.25
11836,1.0
11849,1.0
11850,1.0
11851,1.0
11852,1.0
11853,1.0
11854,1.0
11855,1.0
11856,1.0
11857,1.0
11858,1.0
11859,1.0
11860,1.0
11861,1.0
11862,1.0
11863,1.0
11864,1.0
11865,1.0
11866,1.0
11867,1.0
11868,1.0
11869,1.0
11870,1.0
11871,1.0
11872,1.0
11873,1.0
11874,1.0
11875,1.0
11876,1.0
11877,1.0
11878,1.0
11879,1.0
11880,1.0
11881,1.0
11882,1.0
11883,1.0
11884,1.0
11885,1.0
11886,1.0
11887,1.0
11888,1.0
11889,1.0
11890,1.0
11892,1.3
11893,1.0
11894,1.0
11895,1.0
11896,1.0
11898,1.0
11899,1.0
11900,1.0
11901,1.0
11902,1.0
11903,1.0
11904,1.0
11905,1.0
11906,2.0
11907,1.0
11908,1.3
11909,2.5
11910,2.5
11911,1.0
11912,0.75
11913,1.0
11914,1.0
11929,1.0
11930,1.0
11949,1.2
11950,1.2
11951,1.2
11952,1.2
11953,1.2
11954,1.2
11955,1.2
11956,1.2
11957,1.2
11958,1.2
11959,1.2
11960,1.2
11961,1.2
11962,1.2
11963,1.2
11964,1.2
11965,1.2
11966,1.3
11967,1.3
11968,1.3
11969,1.3
11970,1.2
11971,1.2
11972,1.2
11973,1.2
11974,1.4
11975,1.4
11976,1.4
11977,1.4
11978,1.2
11979,1.2
11980,1.2
11981,1.2
11983,1.4
11984,1.4
11985,1.4
11986,3.0
11987,1.4
11988,1.3
11989,1.3
11990,1.3
11991,1.3
11992,1.2
11993,1.2
11994,1.2
11995,1.2
11996,1.4
11997,1.5
11998,1.2
11999,1.2
12000,1.2
12001,1.2
12002,3.0
12003,2.55
12004,1.3
12005,1.3
12006,1.3
12007,1.3
12008,1.3
12009,1.2
12010,1.2
12011,1.2
12012,1.2
12013,1.2
12014,1.2
12015,1.2
12016,1.2
12017,1.2
12018,1.2
12019,1.2
12020,1.2
12021,1.2
12022,1.2
12023,1.4
12024,1.2
12025,1.2
12026,1.4
12027,1.4
12028,1.4
12029,4.0
12030,2.0
12031,1.0
12032,1.0
12033,1.0
12034,1.0
12035,1.0
12036,1.0
12037,1.0
12038,1.0
12039,1.0
12040,1.0
12041,1.0
12042,1.0
12043,1.15
12044,1.0
12045,1.0
12046,5.0
12047,1.0
12048,10.0
12049,1.0
12050,1.0
12051,2.5
12052,1.0
12053,1.0
12054,1.0
12055,1.0
12056,1.0
12057,1.0
12058,1.0
12059,1.0
12060,1.0
12061,1.0
12062,1.0
12063,1.0
12064,1.0
12065,1.0
12066,1.0
12067,1.0
12068,1.0
12069,1.0
12070,1.0
12071,1.0
12072,1.0
12073,2.0
12074,1.25
12075,1.0
12076,1.0
12077,1.0
12078,1.0
12079,1.0
12080,1.0
12081,1.0
12082,1.0
12083,1.0
12084,1.0
12089,0.8
12109,3.0
12110,3.0
12129,4.0
12149,1.3
12150,1.3
12151,1.3
12152,1.5
12153,1.3
12154,1.5
12155,1.65
12156,1.5
12157,1.3
12158,1.3
12159,1.3
12160,1.5
12161,3.5
12162,1.75
12163,1.25
12164,1.5
12165,1.0
12166,1.0
12167,1.0
12168,1.0
12169,1.0
12170,1.0
12171,1.25
12189,2.0
12190,1.5
12191,0.5
12192,1.15
12193,0.85
12194,0.85
12195,0.85
12196,0.85
12197,1.0
12198,1.0
12199,1.0
12200,1.0
12201,1.15
12202,1.15
12203,1.3
12204,1.3
12205,1.3
12206,1.3
12207,1.5
12208,1.5
12209,1.5
12210,1.5
12229,1.0
12230,1.0
12231,2.0
12232,2.0
12233,2.25
12234,1.15
12235,1.0
12236,1.0
12237,1.0
12238,1.0
12239,1.75
12240,0.6
12241,0.6
12242,0.6
12243,1.15
12244,0.6
12245,0.6
12246,0.6
12247,0.6
12249,1.6
12269,1.0
12270,1.0
12271,0.01
12272,1.0
12289,1.0
12290,1.0
12291,1.0
12292,2.0
12293,1.6
12309,1.3
12310,0.5
12329,1.0
12330,1.0
12331,1.0
12332,1.0
12333,2.0
12334,2.0
12335,1.0
12336,1.0
12337,1.3
12338,1.3
12339,1.3
12340,0.7
12341,0.85
12342,1.5
12343,0.7
12344,0.7
12345,1.15
12346,0.3
12347,1.15
12348,1.15
12349,1.0
12350,1.3
12369,3.0
12370,1.5
12371,1.5
12372,1.5
12373,1.5
12374,1.5
12389,2.0
12390,1.0
12391,2.5
12392,1.0
12409,1.0
12429,1.0
12430,1.0
12431,1.0
12432,1.25
12433,1.5
12434,4.0
12435,1.0
12436,11.75
12449,1.5
12469,1.0
12470,1.0
12471,2.2
12472,2.2
12473,2.35
12474,1.0
12475,1.0
12476,1.0
12477,1.0
12489,1.25
12509,2.0
12529,1.5
12530,1.0
12549,1.0
12569,1.0
12589,1.3
12609,1.0
12610,1.0
12629,1.0
12649,2.0
12669,1.0
12670,1.0
12671,1.0
12672,1.0
12673,1.0
12674,1.0
12675,1.0
12676,1.0
12677,1.0
12678,1.0
12679,1.0
12680,1.0
12681,1.0
12682,1.45
12683,2.0
12689,1.0
12709,1.0
12729,1.0
12749,1.0
12750,2.0
12769,1.5
12789,1.0
12790,1.0
12809,1.0
12810,1.0
12811,1.0
12812,1.6
12813,1.45
12814,1.6
12815,1.75
12816,1.6
12817,1.75
12818,2.0
12819,1.75
12820,1.5
12821,1.5
12822,1.0
12823,1.0
12824,0.5
12829,1.0
